<?xml version="1.0"?>
<doc>
    <assembly>
        <name>Serein.NodeFlow</name>
    </assembly>
    <members>
        <member name="T:Serein.NodeFlow.Env.EnvMsgTheme">
            <summary>
            消息主题
            </summary>
        </member>
        <member name="F:Serein.NodeFlow.Env.EnvMsgTheme.GetEnvInfo">
            <summary>
            获取远程环境信息
            </summary>
        </member>
        <member name="F:Serein.NodeFlow.Env.EnvMsgTheme.StartFlow">
            <summary>
            尝试开始流程
            </summary>
        </member>
        <member name="F:Serein.NodeFlow.Env.EnvMsgTheme.StartFlowInSelectNode">
            <summary>
            尝试从指定节点开始运行
            </summary>
        </member>
        <member name="F:Serein.NodeFlow.Env.EnvMsgTheme.ExitFlow">
            <summary>
            尝试结束流程运行
            </summary>
        </member>
        <member name="F:Serein.NodeFlow.Env.EnvMsgTheme.MoveNode">
            <summary>
            尝试移动某个节点
            </summary>
        </member>
        <member name="F:Serein.NodeFlow.Env.EnvMsgTheme.SetStartNode">
            <summary>
            尝试设置流程起点
            </summary>
        </member>
        <member name="F:Serein.NodeFlow.Env.EnvMsgTheme.ConnectNode">
            <summary>
            尝试连接两个节点
            </summary>
        </member>
        <member name="F:Serein.NodeFlow.Env.EnvMsgTheme.CreateNode">
            <summary>
            尝试创建节点
            </summary>
        </member>
        <member name="F:Serein.NodeFlow.Env.EnvMsgTheme.RemoveConnect">
            <summary>
            尝试移除节点之间的连接关系
            </summary>
        </member>
        <member name="F:Serein.NodeFlow.Env.EnvMsgTheme.RemoveNode">
            <summary>
            尝试移除节点
            </summary>
        </member>
        <member name="F:Serein.NodeFlow.Env.EnvMsgTheme.ActivateFlipflopNode">
            <summary>
            激活一个触发器
            </summary>
        </member>
        <member name="F:Serein.NodeFlow.Env.EnvMsgTheme.TerminateFlipflopNode">
            <summary>
            终结一个触发器
            </summary>
        </member>
        <member name="F:Serein.NodeFlow.Env.EnvMsgTheme.ValueNotification">
            <summary>
            属性通知
            </summary>
        </member>
        <member name="F:Serein.NodeFlow.Env.EnvMsgTheme.GetProjectInfo">
            <summary>
            尝试获取项目信息
            </summary>
        </member>
        <member name="F:Serein.NodeFlow.Env.EnvMsgTheme.SetNodeInterrupt">
            <summary>
            尝试设置节点中断
            </summary>
        </member>
        <member name="F:Serein.NodeFlow.Env.EnvMsgTheme.AddInterruptExpression">
            <summary>
            尝试添加中断表达式
            </summary>
        </member>
        <member name="F:Serein.NodeFlow.Env.EnvMsgTheme.SetMonitor">
            <summary>
            尝试设置节点/对象监视状态
            </summary>
        </member>
        <member name="T:Serein.NodeFlow.Env.FlowEnvironment">
            <summary>
            运行环境
            </summary>
        </member>
        <member name="F:Serein.NodeFlow.Env.FlowEnvironment.SpaceName">
            <summary>
            节点的命名空间
            </summary>
        </member>
        <member name="M:Serein.NodeFlow.Env.FlowEnvironment.#ctor(Serein.Library.Utils.UIContextOperation)">
            <summary>
            流程运行环境
            </summary>
        </member>
        <member name="P:Serein.NodeFlow.Env.FlowEnvironment.IsLcR">
            <summary>
            <para>表示是否正在控制远程</para>
            <para>Local control remote env</para>
            </summary>
        </member>
        <member name="P:Serein.NodeFlow.Env.FlowEnvironment.IsRcL">
            <summary>
            <para>表示是否受到远程控制</para>
            <para>Remote control local env</para>
            </summary>
        </member>
        <member name="M:Serein.NodeFlow.Env.FlowEnvironment.StartRemoteServerAsync(System.Int32)">
            <summary>
            打开远程管理
            </summary>
            <param name="port"></param>
        </member>
        <member name="M:Serein.NodeFlow.Env.FlowEnvironment.StopRemoteServer">
            <summary>
            结束远程管理
            </summary>
        </member>
        <member name="E:Serein.NodeFlow.Env.FlowEnvironment.OnDllLoad">
            <summary>
            加载Dll
            </summary>
        </member>
        <member name="E:Serein.NodeFlow.Env.FlowEnvironment.OnDllRemote">
            <summary>
            移除DLL
            </summary>
        </member>
        <member name="E:Serein.NodeFlow.Env.FlowEnvironment.OnProjectLoaded">
            <summary>
            项目加载完成
            </summary>
        </member>
        <member name="E:Serein.NodeFlow.Env.FlowEnvironment.OnNodeConnectChange">
            <summary>
            节点连接属性改变事件
            </summary>
        </member>
        <member name="E:Serein.NodeFlow.Env.FlowEnvironment.OnNodeCreate">
            <summary>
            节点创建事件
            </summary>
        </member>
        <member name="E:Serein.NodeFlow.Env.FlowEnvironment.OnNodeRemove">
            <summary>
            移除节点事件
            </summary>
        </member>
        <member name="E:Serein.NodeFlow.Env.FlowEnvironment.OnStartNodeChange">
            <summary>
            起始节点变化事件
            </summary>
        </member>
        <member name="E:Serein.NodeFlow.Env.FlowEnvironment.OnFlowRunComplete">
            <summary>
            流程运行完成事件
            </summary>
        </member>
        <member name="E:Serein.NodeFlow.Env.FlowEnvironment.OnMonitorObjectChange">
            <summary>
            被监视的对象改变事件
            </summary>
        </member>
        <member name="E:Serein.NodeFlow.Env.FlowEnvironment.OnNodeInterruptStateChange">
            <summary>
            节点中断状态改变事件
            </summary>
        </member>
        <member name="E:Serein.NodeFlow.Env.FlowEnvironment.OnInterruptTrigger">
            <summary>
            节点触发了中断
            </summary>
        </member>
        <member name="E:Serein.NodeFlow.Env.FlowEnvironment.OnIOCMembersChanged">
            <summary>
            容器改变
            </summary>
        </member>
        <member name="E:Serein.NodeFlow.Env.FlowEnvironment.OnNodeLocated">
            <summary>
            节点需要定位
            </summary>
        </member>
        <member name="E:Serein.NodeFlow.Env.FlowEnvironment.OnNodeMoved">
            <summary>
            节点移动了（远程插件）
            </summary>
        </member>
        <member name="E:Serein.NodeFlow.Env.FlowEnvironment.OnEnvOut">
            <summary>
            运行环境输出
            </summary>
        </member>
        <member name="P:Serein.NodeFlow.Env.FlowEnvironment.CurrentEnv">
            <summary>
            当前环境
            </summary>
        </member>
        <member name="P:Serein.NodeFlow.Env.FlowEnvironment.UIContextOperation">
            <summary>
            UI线程操作类
            </summary>
        </member>
        <member name="P:Serein.NodeFlow.Env.FlowEnvironment.FlowState">
            <summary>
            如果没有全局触发器，且没有循环分支，流程执行完成后自动为 Completion 。
            </summary>
        </member>
        <member name="P:Serein.NodeFlow.Env.FlowEnvironment.FlipFlopState">
            <summary>
            如果全局触发器还在运行，则为 Running 。
            </summary>
        </member>
        <member name="P:Serein.NodeFlow.Env.FlowEnvironment.EnvName">
            <summary>
            环境名称
            </summary>
        </member>
        <member name="P:Serein.NodeFlow.Env.FlowEnvironment.IsGlobalInterrupt">
            <summary>
            是否全局中断
            </summary>
        </member>
        <member name="P:Serein.NodeFlow.Env.FlowEnvironment.ChannelFlowInterrupt">
            <summary>
            流程中断器
            </summary>
        </member>
        <member name="P:Serein.NodeFlow.Env.FlowEnvironment.IOC">
            <summary>
            <para>单例模式IOC容器，内部维护了一个实例字典，默认使用类型的FullName作为Key，如果以“接口-实现类”的方式注册，那么将使用接口类型的FullName作为Key。</para>
            <para>当某个类型注册绑定成功后，将不会因为其它地方尝试注册相同类型的行为导致类型被重新创建。</para>
            </summary>
        </member>
        <member name="P:Serein.NodeFlow.Env.FlowEnvironment.MethodDetailsOfLibrarys">
            <summary>
            Library 与 MethodDetailss的依赖关系
            </summary>
        </member>
        <member name="P:Serein.NodeFlow.Env.FlowEnvironment.Librarys">
            <summary>
            存储已加载的程序集
            </summary>
        </member>
        <member name="P:Serein.NodeFlow.Env.FlowEnvironment.MethodDetailss">
            <summary>
            存储已加载的方法信息。描述所有DLL中NodeAction特性的方法的原始副本
            </summary>
        </member>
        <member name="F:Serein.NodeFlow.Env.FlowEnvironment.sereinIOC">
            <summary>
            容器管理
            </summary>
        </member>
        <member name="P:Serein.NodeFlow.Env.FlowEnvironment.Nodes">
            <summary>
            环境加载的节点集合
            Node Guid - Node Model
            </summary>
        </member>
        <member name="P:Serein.NodeFlow.Env.FlowEnvironment.FlipflopNodes">
            <summary>
            存放触发器节点（运行时全部调用）
            </summary>
        </member>
        <member name="P:Serein.NodeFlow.Env.FlowEnvironment.AutoRegisterTypes">
            <summary>
            从dll中加载的类的注册类型
            </summary>
        </member>
        <member name="P:Serein.NodeFlow.Env.FlowEnvironment.MethodDelegates">
            <summary>
            存放委托
            
            md.Methodname - delegate
            </summary>
        </member>
        <member name="F:Serein.NodeFlow.Env.FlowEnvironment._startNode">
            <summary>
            起始节点私有属性
            </summary>
        </member>
        <member name="P:Serein.NodeFlow.Env.FlowEnvironment.StartNode">
            <summary>
            起始节点
            </summary>
        </member>
        <member name="F:Serein.NodeFlow.Env.FlowEnvironment.flowStarter">
            <summary>
            流程启动器（每次运行时都会重新new一个）
            </summary>
        </member>
        <member name="M:Serein.NodeFlow.Env.FlowEnvironment.SetConsoleOut">
            <summary>
            重定向Console输出
            </summary>
        </member>
        <member name="M:Serein.NodeFlow.Env.FlowEnvironment.WriteLineObjToJson(System.Object)">
            <summary>
            使用JSON处理库输出对象信息
            </summary>
            <param name="obj"></param>
        </member>
        <member name="M:Serein.NodeFlow.Env.FlowEnvironment.StartAsync">
            <summary>
            异步运行
            </summary>
            <returns></returns>
        </member>
        <member name="M:Serein.NodeFlow.Env.FlowEnvironment.StartAsyncInSelectNode(System.String)">
            <summary>
            从选定节点开始运行
            </summary>
            <param name="startNodeGuid"></param>
            <returns></returns>
        </member>
        <member name="M:Serein.NodeFlow.Env.FlowEnvironment.ExitFlow">
            <summary>
            退出
            </summary>
        </member>
        <member name="M:Serein.NodeFlow.Env.FlowEnvironment.ActivateFlipflopNode(System.String)">
            <summary>
            激活全局触发器
            </summary>
            <param name="nodeGuid"></param>
        </member>
        <member name="M:Serein.NodeFlow.Env.FlowEnvironment.TerminateFlipflopNode(System.String)">
            <summary>
            关闭全局触发器
            </summary>
            <param name="nodeGuid"></param>
        </member>
        <member name="M:Serein.NodeFlow.Env.FlowEnvironment.GetEnvInfoAsync">
            <summary>
            获取当前环境信息（远程连接）
            </summary>
            <returns></returns>
        </member>
        <member name="M:Serein.NodeFlow.Env.FlowEnvironment.ClearAll">
            <summary>
            清除所有
            </summary>
        </member>
        <member name="M:Serein.NodeFlow.Env.FlowEnvironment.LoadProject(Serein.Library.FlowEnvInfo,System.String)">
            <summary>
            加载项目文件
            </summary>
            <param name="flowEnvInfo">环境信息</param>
            <param name="filePath"></param>
        </member>
        <member name="M:Serein.NodeFlow.Env.FlowEnvironment.ConnectRemoteEnv(System.String,System.Int32,System.String)">
            <summary>
            加载远程环境
            </summary>
            <param name="addres">远程环境地址</param>
            <param name="port">远程环境端口</param>
            <param name="token">密码</param>
        </member>
        <member name="M:Serein.NodeFlow.Env.FlowEnvironment.ExitRemoteEnv">
            <summary>
            退出远程环境
            </summary>
        </member>
        <member name="M:Serein.NodeFlow.Env.FlowEnvironment.GetProjectInfoAsync">
            <summary>
            序列化当前项目的依赖信息、节点信息
            </summary>
            <returns></returns>
        </member>
        <member name="M:Serein.NodeFlow.Env.FlowEnvironment.LoadDll(System.String)">
            <summary>
            从文件路径中加载DLL
            </summary>
            <param name="dllPath"></param>
            <returns></returns> 
        </member>
        <member name="M:Serein.NodeFlow.Env.FlowEnvironment.RemoteDll(System.String)">
            <summary>
            移除DLL
            </summary>
            <param name="assemblyFullName"></param>
            <returns></returns>
        </member>
        <member name="M:Serein.NodeFlow.Env.FlowEnvironment.CreateNodeAsync(Serein.Library.NodeControlType,Serein.Library.PositionOfUI,Serein.Library.MethodDetailsInfo)">
            <summary>
            流程正在运行时创建节点
            </summary>
            <param name="nodeControlType"></param>
            <param name="position"></param>
            <param name="methodDetailsInfo">如果是表达式节点条件节点，该项为null</param>
        </member>
        <member name="M:Serein.NodeFlow.Env.FlowEnvironment.RemoveNodeAsync(System.String)">
            <summary>
            移除节点
            </summary>
            <param name="nodeGuid"></param>
            <exception cref="T:System.NotImplementedException"></exception>
        </member>
        <member name="M:Serein.NodeFlow.Env.FlowEnvironment.ConnectNodeAsync(System.String,System.String,Serein.Library.ConnectionType)">
            <summary>
            连接节点
            </summary>
            <param name="fromNodeGuid">起始节点</param>
            <param name="toNodeGuid">目标节点</param>
            <param name="connectionType">连接关系</param>
        </member>
        <member name="M:Serein.NodeFlow.Env.FlowEnvironment.RemoveConnectAsync(System.String,System.String,Serein.Library.ConnectionType)">
            <summary>
            移除连接关系
            </summary>
            <param name="fromNodeGuid">起始节点Guid</param>
            <param name="toNodeGuid">目标节点Guid</param>
            <param name="connectionType">连接关系</param>
            <exception cref="T:System.NotImplementedException"></exception>
        </member>
        <member name="M:Serein.NodeFlow.Env.FlowEnvironment.TryGetMethodDetailsInfo(System.String,Serein.Library.MethodDetailsInfo@)">
            <summary>
            获取方法描述
            </summary>
        </member>
        <member name="M:Serein.NodeFlow.Env.FlowEnvironment.TryGetDelegateDetails(System.String,Serein.Library.DelegateDetails@)">
            <summary>
            <para>通过方法名称获取对应的Emit委托</para>
            <para>方法无入参时需要传入空数组，void方法自动返回null</para>
            <para>普通方法：Func&lt;object,object[],object&gt;</para>
            <para>异步方法：Func&lt;object,object[],Task&gt;</para>
            <para>异步有返回值方法：Func&lt;object,object[],Task&lt;object&gt;&gt;</para>
            </summary>
            <param name="methodName"></param>
            <param name="delegateDetails"></param>
            <returns></returns>
        </member>
        <member name="M:Serein.NodeFlow.Env.FlowEnvironment.MoveNode(System.String,System.Double,System.Double)">
            <summary>
            移动了某个节点(远程插件使用）
            </summary>
            <param name="nodeGuid"></param>
            <param name="x"></param>
            <param name="y"></param>
        </member>
        <member name="M:Serein.NodeFlow.Env.FlowEnvironment.SetStartNode(System.String)">
            <summary>
            设置起点控件
            </summary>
            <param name="newNodeGuid"></param>
        </member>
        <member name="M:Serein.NodeFlow.Env.FlowEnvironment.SetNodeInterruptAsync(System.String,Serein.Library.InterruptClass)">
            <summary>
            中断指定节点，并指定中断等级。
            </summary>
            <param name="nodeGuid">被中断的目标节点Guid</param>
            <param name="interruptClass">中断级别</param>
            <returns>操作是否成功</returns>
        </member>
        <member name="M:Serein.NodeFlow.Env.FlowEnvironment.AddInterruptExpressionAsync(System.String,System.String)">
            <summary>
            添加表达式中断
            </summary>
            <param name="key">如果是节点，传入Guid；如果是对象，传入类型FullName</param>
            <param name="expression">合法的条件表达式</param>
            <returns></returns>
        </member>
        <member name="F:Serein.NodeFlow.Env.FlowEnvironment.dictMonitorObjExpInterrupt">
            <summary>
            要监视的对象，以及与其关联的表达式
            </summary>
        </member>
        <member name="M:Serein.NodeFlow.Env.FlowEnvironment.SetMonitorObjState(System.String,System.Boolean)">
            <summary>
            设置对象的监视状态
            </summary>
            <param name="key">如果是节点，传入Guid；如果是对象，传入类型FullName</param>
            <param name="isMonitor">ture监视对象；false取消对象监视</param>
            <returns></returns>
        </member>
        <member name="M:Serein.NodeFlow.Env.FlowEnvironment.CheckObjMonitorStateAsync(System.String)">
            <summary>
            检查一个对象是否处于监听状态，如果是，则传出与该对象相关的表达式（用于中断），如果不是，则返回false。
            </summary>
            <param name="key"></param>
            <param name="exps"></param>
            <returns></returns>
        </member>
        <member name="M:Serein.NodeFlow.Env.FlowEnvironment.MonitorObjectNotification(System.String,System.Object,Serein.Library.Api.MonitorObjectEventArgs.ObjSourceType)">
            <summary>
            启动器调用，运行到某个节点时触发了监视对象的更新（对象预览视图将会自动更新）
            </summary>
            <param name="nodeGuid"></param>
            <param name="monitorData"></param>
            <param name="sourceType"></param>
        </member>
        <member name="M:Serein.NodeFlow.Env.FlowEnvironment.TriggerInterrupt(System.String,System.String,Serein.Library.Api.InterruptTriggerEventArgs.InterruptTriggerType)">
            <summary>
            启动器调用，节点触发了中断。
            </summary>
            <param name="nodeGuid">节点</param>
            <param name="expression">表达式</param>
            <param name="type">类型，0用户主动的中断，1表达式中断</param>
        </member>
        <member name="M:Serein.NodeFlow.Env.FlowEnvironment.GetOrCreateGlobalInterruptAsync">
            <summary>
            环境执行中断
            </summary>
            <returns></returns>
        </member>
        <member name="F:Serein.NodeFlow.Env.FlowEnvironment.NodeValueChangeLogger">
            <summary>
            记录节点更改数据，防止重复更改
            </summary>
        </member>
        <member name="M:Serein.NodeFlow.Env.FlowEnvironment.NotificationNodeValueChangeAsync(System.String,System.String,System.Object)">
            <summary>
            数据更改通知（来自远程）
            </summary>
            <param name="nodeGuid">发生在哪个节点</param>
            <param name="path">属性路径</param>
            <param name="value">变化后的属性值</param>
            <returns></returns>
        </member>
        <member name="M:Serein.NodeFlow.Env.FlowEnvironment.GuidToModel(System.String)">
            <summary>
            Guid 转 NodeModel
            </summary>
            <param name="nodeGuid">节点Guid</param>
            <returns>节点Model</returns>
            <exception cref="T:System.ArgumentNullException">无法获取节点、Guid/节点为null时报错</exception>
        </member>
        <member name="M:Serein.NodeFlow.Env.FlowEnvironment.LoadDllNodeInfo(System.String)">
            <summary>
            加载指定路径的DLL文件
            </summary>
            <param name="dllPath"></param>
        </member>
        <member name="M:Serein.NodeFlow.Env.FlowEnvironment.RemoteConnectAsync(Serein.Library.NodeModelBase,Serein.Library.NodeModelBase,Serein.Library.ConnectionType)">
            <summary>
            移除连接关系
            </summary>
            <param name="fromNodeGuid">起始节点Model</param>
            <param name="toNodeGuid">目标节点Model</param>
            <param name="connectionType">连接关系</param>
            <exception cref="T:System.NotImplementedException"></exception>
        </member>
        <member name="M:Serein.NodeFlow.Env.FlowEnvironment.TryAddNode(Serein.Library.NodeModelBase)">
            <summary>
            创建节点
            </summary>
            <param name="nodeBase"></param>
        </member>
        <member name="M:Serein.NodeFlow.Env.FlowEnvironment.ConnectNodeAsync(Serein.Library.NodeModelBase,Serein.Library.NodeModelBase,Serein.Library.ConnectionType)">
            <summary>
            连接节点
            </summary>
            <param name="fromNode">起始节点</param>
            <param name="toNode">目标节点</param>
            <param name="connectionType">连接关系</param>
        </member>
        <member name="M:Serein.NodeFlow.Env.FlowEnvironment.SetStartNode(Serein.Library.NodeModelBase)">
            <summary>
            更改起点节点
            </summary>
            <param name="newStartNode"></param>
            <param name="oldStartNode"></param>
        </member>
        <member name="M:Serein.NodeFlow.Env.FlowEnvironment.Output(System.String)">
            <summary>
            输出内容
            </summary>
            <param name="msg"></param>
        </member>
        <member name="M:Serein.NodeFlow.Env.FlowEnvironment.NodeLocated(System.String)">
            <summary>
            定位节点
            </summary>
            <param name="nodeGuid"></param>
        </member>
        <member name="T:Serein.NodeFlow.Env.FlowEnvironmentDecorator">
            <summary>
            自动管理本地与远程的环境
            </summary>
        </member>
        <member name="F:Serein.NodeFlow.Env.FlowEnvironmentDecorator.flowEnvironment">
            <summary>
            本地环境
            </summary>
        </member>
        <member name="F:Serein.NodeFlow.Env.FlowEnvironmentDecorator.remoteFlowEnvironment">
            <summary>
            远程环境
            </summary>
        </member>
        <member name="F:Serein.NodeFlow.Env.FlowEnvironmentDecorator.currentFlowEnvironment">
            <summary>
            管理当前环境
            </summary>
        </member>
        <member name="M:Serein.NodeFlow.Env.FlowEnvironmentDecorator.SetFlag(System.Boolean)">
            <summary>
            传入false时，将停止数据通知。传入true时，
            </summary>
            <param name="value"></param>
        </member>
        <member name="M:Serein.NodeFlow.Env.FlowEnvironmentDecorator.IsFlagSet">
            <summary>
            
            </summary>
            <returns></returns>
        </member>
        <member name="P:Serein.NodeFlow.Env.FlowEnvironmentDecorator.CurrentEnv">
            <summary>
            当前环境，用于切换远程与本地环境
            </summary>
        </member>
        <member name="T:Serein.NodeFlow.Env.FlowFunc">
            <summary>
            流程环境需要的扩展方法
            </summary>
        </member>
        <member name="M:Serein.NodeFlow.Env.FlowFunc.CreateNode(Serein.Library.Api.IFlowEnvironment,Serein.Library.NodeControlType,Serein.Library.MethodDetails)">
            <summary>
            创建节点
            </summary>
            <param name="env">运行环境</param>
            <param name="nodeControlType">节点类型</param>
            <param name="methodDetails">方法描述</param>
            <returns></returns>
            <exception cref="T:System.Exception"></exception>
        </member>
        <member name="M:Serein.NodeFlow.Env.FlowFunc.GetNodeControlType(Serein.Library.NodeInfo)">
            <summary>
            从节点信息读取节点类型
            </summary>
            <param name="nodeInfo"></param>
            <returns></returns>
            <exception cref="T:System.NotImplementedException"></exception>
        </member>
        <member name="M:Serein.NodeFlow.Env.FlowFunc.ToLibrary(Serein.Library.NodeLibrary)">
            <summary>
            程序集封装依赖
            </summary>
            <param name="library"></param>
            <returns></returns>
        </member>
        <member name="M:Serein.NodeFlow.Env.FlowFunc.ToContentType(Serein.Library.FlipflopStateType)">
            <summary>
            触发器运行后状态转为对应的后继分支类别
            </summary>
            <param name="flowStateType"></param>
            <returns></returns>
            <exception cref="T:System.NotImplementedException"></exception>
        </member>
        <member name="M:Serein.NodeFlow.Env.FlowFunc.NotExitPreviousNode(Serein.NodeFlow.Model.SingleFlipflopNode)">
            <summary>
            判断 触发器节点 是否存在上游分支
            </summary>
            <param name="node"></param>
            <returns></returns>
        </member>
        <member name="T:Serein.NodeFlow.Env.MsgControllerOfClient">
            <summary>
            客户端的消息管理（用于处理服务端的响应）
            </summary>
        </member>
        <member name="M:Serein.NodeFlow.Env.MsgControllerOfClient.SendAsync(System.String,System.Object,System.Int32)">
            <summary>
            发送请求并等待远程环境响应
            </summary>
            <returns></returns>
            <exception cref="T:System.NotImplementedException">超时触发</exception>
        </member>
        <member name="M:Serein.NodeFlow.Env.MsgControllerOfClient.SendAndWaitDataAsync``1(System.String,System.Object,System.Int32)">
            <summary>
            发送请求并等待远程环境响应
            </summary>
            <returns></returns>
            <exception cref="T:System.NotImplementedException">超时触发</exception>
        </member>
        <member name="M:Serein.NodeFlow.Env.MsgControllerOfClient.GetEnvInfo(Serein.Library.FlowEnvInfo)">
            <summary>
            远程环境发来项目信息
            </summary>
            <param name="flowEnvInfo"></param>
        </member>
        <member name="M:Serein.NodeFlow.Env.MsgControllerOfClient.GetProjectInfo(Serein.Library.SereinProjectData)">
            <summary>
            远程环境发来项目信息
            </summary>
            <param name="sereinProjectData"></param>
        </member>
        <member name="T:Serein.NodeFlow.Env.MsgControllerOfServer">
            <summary>
            服务端的消息管理（用于处理客户端的请求）
            </summary>
        </member>
        <member name="F:Serein.NodeFlow.Env.MsgControllerOfServer.environment">
            <summary>
            受控环境
            </summary>
        </member>
        <member name="P:Serein.NodeFlow.Env.MsgControllerOfServer.HandleGuid">
            <summary>
            WebSocket处理
            </summary>
        </member>
        <member name="P:Serein.NodeFlow.Env.MsgControllerOfServer.IsLcR">
            <summary>
            <para>表示是否正在控制远程</para>
            <para>Local control remote env</para>
            </summary>
        </member>
        <member name="P:Serein.NodeFlow.Env.MsgControllerOfServer.IsRcL">
            <summary>
            <para>表示是否受到远程控制</para>
            <para>Remote control local env</para>
            </summary>
        </member>
        <member name="F:Serein.NodeFlow.Env.MsgControllerOfServer.FlowEnvRemoteWebSocket">
            <summary>
            流程环境远程管理服务
            </summary>
        </member>
        <member name="M:Serein.NodeFlow.Env.MsgControllerOfServer.#ctor(Serein.Library.Api.IFlowEnvironment)">
            <summary>
            启动不带Token验证的远程服务
            </summary>
        </member>
        <member name="M:Serein.NodeFlow.Env.MsgControllerOfServer.#ctor(Serein.Library.Api.IFlowEnvironment,System.String)">
            <summary>
            启动带token验证的远程服务
            </summary>
            <param name="token"></param>
        </member>
        <member name="M:Serein.NodeFlow.Env.MsgControllerOfServer.StartRemoteServerAsync(System.Int32)">
            <summary>
            启动远程
            </summary>
            <param name="port"></param>
            <returns></returns>
        </member>
        <member name="M:Serein.NodeFlow.Env.MsgControllerOfServer.StopRemoteServer">
            <summary>
            结束远程管理
            </summary>
        </member>
        <member name="M:Serein.NodeFlow.Env.MsgControllerOfServer.OnInspectionAuthorized(System.Object)">
            <summary>
            验证远程token
            </summary>
            <param name="token"></param>
            <returns></returns>
        </member>
        <member name="M:Serein.NodeFlow.Env.MsgControllerOfServer.OnResultSendMsgFunc(System.Func{System.String,System.Threading.Tasks.Task})">
            <summary>
            获取发送消息的委托
            </summary>
            <param name="SendAsync"></param>
        </member>
        <member name="M:Serein.NodeFlow.Env.MsgControllerOfServer.StartAsync">
            <summary>
            异步运行
            </summary>
            <returns></returns>
        </member>
        <member name="M:Serein.NodeFlow.Env.MsgControllerOfServer.StartAsyncInSelectNode(System.String)">
            <summary>
            从远程环境运行选定的节点
            </summary>
            <param name="nodeGuid"></param>
            <returns></returns>
        </member>
        <member name="M:Serein.NodeFlow.Env.MsgControllerOfServer.ExitFlow">
            <summary>
            结束流程
            </summary>
        </member>
        <member name="M:Serein.NodeFlow.Env.MsgControllerOfServer.ActivateFlipflopNode(System.String)">
            <summary>
            激活全局触发器
            </summary>
            <param name="nodeGuid"></param>
        </member>
        <member name="M:Serein.NodeFlow.Env.MsgControllerOfServer.TerminateFlipflopNode(System.String)">
            <summary>
            关闭全局触发器
            </summary>
            <param name="nodeGuid"></param>
        </member>
        <member name="M:Serein.NodeFlow.Env.MsgControllerOfServer.GetEnvInfoAsync">
            <summary>
            获取当前环境信息（远程连接）
            </summary>
            <returns></returns>
        </member>
        <member name="M:Serein.NodeFlow.Env.MsgControllerOfServer.LoadProject(Serein.Library.FlowEnvInfo)">
            <summary>
            加载项目文件
            </summary>
            <param name="flowEnvInfo">环境信息</param>
        </member>
        <member name="M:Serein.NodeFlow.Env.MsgControllerOfServer.ConnectRemoteEnv(System.String,System.Int32,System.String)">
            <summary>
            连接远程环境
            </summary>
            <param name="addres">远程环境地址</param>
            <param name="port">远程环境端口</param>
            <param name="token">密码</param>
        </member>
        <member name="M:Serein.NodeFlow.Env.MsgControllerOfServer.ExitRemoteEnv">
            <summary>
            退出远程环境
            </summary>
        </member>
        <member name="M:Serein.NodeFlow.Env.MsgControllerOfServer.GetProjectInfoAsync">
            <summary>
            序列化当前项目的依赖信息、节点信息
            </summary>
            <returns></returns>
        </member>
        <member name="M:Serein.NodeFlow.Env.MsgControllerOfServer.LoadDll(System.String)">
            <summary>
            从文件路径中加载DLL
            </summary>
            <param name="dllPath"></param>
            <returns></returns> 
        </member>
        <member name="M:Serein.NodeFlow.Env.MsgControllerOfServer.RemoteDll(System.String)">
            <summary>
            移除DLL
            </summary>
            <param name="assemblyFullName"></param>
            <returns></returns>
        </member>
        <member name="M:Serein.NodeFlow.Env.MsgControllerOfServer.CreateNode(System.String,Serein.Library.PositionOfUI,Serein.Library.MethodDetailsInfo)">
            <summary>
            从远程环境创建节点
            </summary>
            <param name="nodeType"></param>
            <param name="position"></param>
            <param name="mdInfo">如果是表达式节点条件节点，该项为null</param>
        </member>
        <member name="M:Serein.NodeFlow.Env.MsgControllerOfServer.RemoveNode(System.String)">
            <summary>
            从远程环境移除节点
            </summary>
            <param name="nodeGuid"></param>
            <exception cref="T:System.NotImplementedException"></exception>
        </member>
        <member name="M:Serein.NodeFlow.Env.MsgControllerOfServer.ConnectNode(System.String,System.String,System.String)">
            <summary>
            连接节点
            </summary>
            <param name="fromNodeGuid">起始节点</param>
            <param name="toNodeGuid">目标节点</param>
            <param name="connectionType">连接关系</param>
        </member>
        <member name="M:Serein.NodeFlow.Env.MsgControllerOfServer.RemoveConnect(System.String,System.String,System.String)">
            <summary>
            移除连接关系
            </summary>
            <param name="fromNodeGuid">起始节点Guid</param>
            <param name="toNodeGuid">目标节点Guid</param>
            <param name="connectionType">连接关系</param>
            <exception cref="T:System.NotImplementedException"></exception>
        </member>
        <member name="M:Serein.NodeFlow.Env.MsgControllerOfServer.MoveNode(System.String,System.Double,System.Double)">
            <summary>
            移动了某个节点(远程插件使用）
            </summary>
            <param name="nodeGuid"></param>
            <param name="x"></param>
            <param name="y"></param>
        </member>
        <member name="M:Serein.NodeFlow.Env.MsgControllerOfServer.SetStartNode(System.String)">
            <summary>
            设置起点控件
            </summary>
            <param name="nodeGuid"></param>
        </member>
        <member name="M:Serein.NodeFlow.Env.MsgControllerOfServer.SetNodeInterruptAsync(System.String,System.String)">
            <summary>
            中断指定节点，并指定中断等级。
            </summary>
            <param name="nodeGuid">被中断的目标节点Guid</param>
            <param name="interruptClass">中断级别</param>
            <returns>操作是否成功</returns>
        </member>
        <member name="M:Serein.NodeFlow.Env.MsgControllerOfServer.AddInterruptExpression(System.String,System.String)">
            <summary>
            添加表达式中断
            </summary>
            <param name="key">如果是节点，传入Guid；如果是对象，传入类型FullName</param>
            <param name="expression">合法的条件表达式</param>
            <returns></returns>
        </member>
        <member name="M:Serein.NodeFlow.Env.MsgControllerOfServer.SetMonitorObjState(System.String,System.Boolean)">
            <summary>
            设置对象的监视状态
            </summary>
            <param name="key">如果是节点，传入Guid；如果是对象，传入类型FullName</param>
            <param name="isMonitor">ture监视对象；false取消对象监视</param>
            <returns></returns>
        </member>
        <member name="M:Serein.NodeFlow.Env.MsgControllerOfServer.ValueNotification(System.String,System.String,System.String)">
            <summary>
            节点数据更改
            </summary>
            <param name="nodeGuid"></param>
            <param name="path"></param>
            <param name="value"></param>
        </member>
        <member name="T:Serein.NodeFlow.Env.RemoteFlowEnvironment">
            <summary>
            远程流程环境
            </summary>
        </member>
        <member name="M:Serein.NodeFlow.Env.RemoteFlowEnvironment.#ctor(Serein.Library.Utils.RemoteEnvControl,Serein.Library.Utils.UIContextOperation)">
            <summary>
            连接到远程环境后切换到的环境接口实现
            </summary>
            <param name="RemoteEnvControl">连接到远程环境后，本地环境自动切换到对应的环境实体</param>
            <param name="uIContextOperation">远程环境下需要操作UI线程时，所提供的线程上下文封装工具</param>
        </member>
        <member name="P:Serein.NodeFlow.Env.RemoteFlowEnvironment.Nodes">
            <summary>
            环境加载的节点集合
            Node Guid - Node Model
            </summary>
        </member>
        <member name="T:Serein.NodeFlow.FlowStarter">
            <summary>
            流程启动器
            </summary>
        </member>
        <member name="F:Serein.NodeFlow.FlowStarter._flipFlopCts">
            <summary>
            控制全局触发器的结束
            </summary>
        </member>
        <member name="F:Serein.NodeFlow.FlowStarter.IsStopStart">
            <summary>
            是否停止启动
            </summary>
        </member>
        <member name="P:Serein.NodeFlow.FlowStarter.ExitAction">
            <summary>
            结束运行时需要执行的方法
            </summary>
        </member>
        <member name="M:Serein.NodeFlow.FlowStarter.StartFlowInSelectNodeAsync(Serein.Library.Api.IFlowEnvironment,Serein.Library.NodeModelBase)">
            <summary>
            从选定的节点开始运行
            </summary>
            <param name="env"></param>
            <param name="startNode"></param>
            <returns></returns>
        </member>
        <member name="M:Serein.NodeFlow.FlowStarter.RunAsync(Serein.Library.Api.IFlowEnvironment,System.Collections.Generic.List{Serein.Library.NodeModelBase},System.Collections.Generic.Dictionary{Serein.Library.RegisterSequence,System.Collections.Generic.List{System.Type}},System.Collections.Generic.List{Serein.Library.MethodDetails},System.Collections.Generic.List{Serein.Library.MethodDetails},System.Collections.Generic.List{Serein.Library.MethodDetails})">
            <summary>
            开始运行（需要准备好方法信息）
            </summary>
            <param name="env">运行环境</param>
            <param name="nodes">环境中已加载的所有节点</param>
            <param name="initMethods">初始化方法</param>
            <param name="loadingMethods">加载时方法</param>
            <param name="exitMethods">结束时方法</param>
            <returns></returns>
        </member>
        <member name="M:Serein.NodeFlow.FlowStarter.RunGlobalFlipflopAsync(Serein.Library.Api.IFlowEnvironment,Serein.NodeFlow.Model.SingleFlipflopNode)">
            <summary>
            尝试添加全局触发器
            </summary>
            <param name="singleFlipFlopNode"></param>
            <param name="env"></param>
        </member>
        <member name="M:Serein.NodeFlow.FlowStarter.TerminateGlobalFlipflopRuning(Serein.NodeFlow.Model.SingleFlipflopNode)">
            <summary>
            尝试移除全局触发器
            </summary>
            <param name="singleFlipFlopNode"></param>
        </member>
        <member name="M:Serein.NodeFlow.FlowStarter.TerminateAllGlobalFlipflop">
            <summary>
            终结所有全局触发器
            </summary>
        </member>
        <member name="M:Serein.NodeFlow.FlowStarter.FlipflopExecuteAsync(Serein.Library.Api.IFlowEnvironment,Serein.NodeFlow.Model.SingleFlipflopNode,System.Threading.CancellationTokenSource)">
            <summary>
            启动全局触发器
            </summary>
            <param name="env">流程运行全局环境</param>
            <param name="singleFlipFlopNode">需要全局监听信号的触发器</param>
            <returns></returns>
        </member>
        <member name="T:Serein.NodeFlow.Model.CompositeActionNode">
            <summary>
            组合动作节点（用于动作区域）
            </summary>
        </member>
        <member name="M:Serein.NodeFlow.Model.CompositeActionNode.#ctor(Serein.Library.Api.IFlowEnvironment,System.Collections.Generic.List{Serein.NodeFlow.Model.SingleActionNode})">
            <summary>
            组合动作节点（用于动作区域）
            </summary>
        </member>
        <member name="T:Serein.NodeFlow.Model.CompositeConditionNode">
            <summary>
            组合条件节点（用于条件区域）
            </summary>
        </member>
        <member name="M:Serein.NodeFlow.Model.CompositeConditionNode.ExecutingAsync(Serein.Library.Api.IDynamicContext)">
            <summary>
            条件节点重写执行方法
            </summary>
            <param name="context"></param>
            <returns></returns>
        </member>
        <member name="T:Serein.NodeFlow.Model.SingleActionNode">
            <summary>
            单动作节点（用于动作控件)
            </summary>
        </member>
        <member name="T:Serein.NodeFlow.Model.SingleConditionNode">
            <summary>
            条件节点（用于条件控件）
            </summary>
        </member>
        <member name="P:Serein.NodeFlow.Model.SingleConditionNode.IsCustomData">
            <summary>
            是否为自定义参数
            </summary>
        </member>
        <member name="P:Serein.NodeFlow.Model.SingleConditionNode.CustomData">
            <summary>
            自定义参数值
            </summary>
        </member>
        <member name="P:Serein.NodeFlow.Model.SingleConditionNode.Expression">
            <summary>
            条件表达式
            </summary>
        </member>
        <member name="T:Serein.NodeFlow.Model.SingleExpOpNode">
            <summary>
            Expression Operation - 表达式操作
            </summary>
        </member>
        <member name="P:Serein.NodeFlow.Model.SingleExpOpNode.Expression">
            <summary>
            表达式
            </summary>
        </member>
        <member name="T:Serein.NodeFlow.Model.SingleFlipflopNode">
            <summary>
            触发器节点
            </summary>
        </member>
        <member name="M:Serein.NodeFlow.Model.SingleFlipflopNode.ExecutingAsync(Serein.Library.Api.IDynamicContext)">
            <summary>
            执行触发器进行等待触发
            </summary>
            <param name="context"></param>
            <returns></returns>
            <exception cref="T:System.Exception"></exception>
        </member>
        <member name="M:Serein.NodeFlow.Model.SingleFlipflopNode.GetParameterdatas">
            <summary>
            获取触发器参数
            </summary>
            <returns></returns>
        </member>
        <member name="T:Serein.NodeFlow.Tool.LogTextWriter">
            <summary>
            捕获Console输出
            </summary>
        </member>
        <member name="M:Serein.NodeFlow.Tool.LogTextWriter.#ctor(System.Action{System.String})">
            <summary>
            定义输出委托与清除输出内容委托
            </summary>
            <param name="logAction"></param>
        </member>
        <member name="P:Serein.NodeFlow.Tool.LogTextWriter.Encoding">
            <summary>
            编码类型
            </summary>
        </member>
        <member name="M:Serein.NodeFlow.Tool.LogTextWriter.EnqueueLog">
            <summary>
            将日志加入通道
            </summary>
        </member>
        <member name="M:Serein.NodeFlow.Tool.LogTextWriter.ProcessLogQueueAsync">
            <summary>
            异步处理日志队列
            </summary>
            <returns></returns>
        </member>
        <member name="M:Serein.NodeFlow.Tool.NodeMethodDetailsHelper.GetMethodsToProcess(System.Type)">
            <summary>
            获取处理方法
            </summary>
        </member>
        <member name="M:Serein.NodeFlow.Tool.NodeMethodDetailsHelper.CreateMethodDetails(System.Type,System.Reflection.MethodInfo,System.String)">
            <summary>
            创建方法信息
            </summary>
            <returns></returns>
        </member>
        <member name="M:Serein.NodeFlow.Tool.NodeMethodDetailsHelper.GetExplicitDataOfParameters(System.Reflection.ParameterInfo[])">
            <summary>
            获取参数信息
            </summary>
            <param name="parameters"></param>
            <returns></returns>
        </member>
        <member name="M:Serein.NodeFlow.Tool.NodeMethodDetailsHelper.GetExplicitTypeName(System.Type)">
            <summary>
            判断使用输入器还是选择器
            </summary>
            <param name="type"></param>
            <returns></returns>
        </member>
        <member name="M:Serein.NodeFlow.Tool.NodeMethodDetailsHelper.GetExplicitItems(System.Type,System.String)">
            <summary>
            获取参数列表选项
            </summary>
            <param name="type"></param>
            <param name="explicitTypeName"></param>
            <returns></returns>
        </member>
    </members>
</doc>
