<?xml version="1.0"?>
<doc>
    <assembly>
        <name>Serein.Library.Core</name>
    </assembly>
    <members>
        <member name="T:Serein.Library.Core.NodeFlow.DynamicContext">
            <summary>
            动态流程上下文
            </summary>
        </member>
        <member name="M:Serein.Library.Core.NodeFlow.DynamicContext.#ctor(Serein.Library.Api.IFlowEnvironment)">
            <summary>
            动态流程上下文
            </summary>
            <param name="flowEnvironment"></param>
        </member>
        <member name="P:Serein.Library.Core.NodeFlow.DynamicContext.Env">
            <summary>
            运行环境
            </summary>
        </member>
        <member name="P:Serein.Library.Core.NodeFlow.DynamicContext.RunState">
            <summary>
            运行状态
            </summary>
        </member>
        <member name="F:Serein.Library.Core.NodeFlow.DynamicContext.dictNodeFlowData">
            <summary>
            每个上下文分别存放节点的当前数据
            </summary>
        </member>
        <member name="M:Serein.Library.Core.NodeFlow.DynamicContext.GetFlowData(System.String)">
            <summary>
            获取节点当前数据
            </summary>
            <param name="nodeGuid"></param>
            <returns></returns>
        </member>
        <member name="M:Serein.Library.Core.NodeFlow.DynamicContext.AddOrUpdate(System.String,System.Object)">
            <summary>
            添加或更新当前节点数据
            </summary>
            <param name="nodeGuid">节点Guid</param>
            <param name="flowData">新的数据</param>
        </member>
        <member name="M:Serein.Library.Core.NodeFlow.DynamicContext.EndCurrentBranch">
            <summary>
            结束流程
            </summary>
        </member>
        <member name="M:Serein.Library.Core.NodeFlow.FlipflopFunc.IsTaskOfFlipflop(System.Type)">
            <summary>
            传入触发器方法的返回类型，尝试获取Task[Flipflop[]] 中的泛型类型
            </summary>
        </member>
        <member name="T:Serein.Library.Core.NodeFlow.FlipflopContext`1">
            <summary>
            触发器上下文
            </summary>
        </member>
    </members>
</doc>
