<?xml version="1.0"?>
<doc>
    <assembly>
        <name>Serein.Library</name>
    </assembly>
    <members>
        <member name="T:Serein.Library.Api.IDynamicContext">
            <summary>
            流程上下文，包含运行环境接口，可以通过注册环境事件或调用环境接口，实现在流程运行时更改流程行为。
            </summary>
        </member>
        <member name="P:Serein.Library.Api.IDynamicContext.Env">
            <summary>
            运行环境，包含IOC容器。
            </summary>
        </member>
        <member name="M:Serein.Library.Api.IDynamicContext.GetFlowData(System.String)">
            <summary>
            获取节点的数据（当前节点需要获取上一节点数据时，需要从 运行时上一节点 的Guid 通过这个方法进行获取
            </summary>
            <param name="nodeGuid"></param>
            <returns></returns>
        </member>
        <member name="M:Serein.Library.Api.IDynamicContext.AddOrUpdate(System.String,System.Object)">
            <summary>
            添加或更新当前节点的数据
            </summary>
            <param name="nodeGuid"></param>
            <param name="flowData"></param>
        </member>
        <member name="M:Serein.Library.Api.IDynamicContext.EndCurrentBranch">
            <summary>
            用以提前结束分支运行
            </summary>
        </member>
        <member name="T:Serein.Library.Api.IDynamicFlowNode">
            <summary>
            空接口
            </summary>
        </member>
        <member name="T:Serein.Library.Api.IFlipflopContext`1">
            <summary>
            <para>触发器必须使用该接口作为返回值，同时必须用Task泛型表示，否则将不会进行等待触发。</para>
            <para>即使大多数时候，触发器传出的数据可能是任何一种数据类型，导致其泛型参数可能是无意义的 object / dynamic 。</para>
            <para>但在确定传出类型的场景下，至少可以保证数据一定为某个类型。</para>
            </summary>
        </member>
        <member name="P:Serein.Library.Api.IFlipflopContext`1.State">
            <summary>
            触发器完成的状态（根据业务场景手动设置）
            </summary>
        </member>
        <member name="P:Serein.Library.Api.IFlipflopContext`1.Type">
            <summary>
            触发类型
            </summary>
        </member>
        <member name="P:Serein.Library.Api.IFlipflopContext`1.Value">
            <summary>
            触发时传递的数据
            </summary>
        </member>
        <member name="T:Serein.Library.Api.FlowRunCompleteHandler">
            <summary>
            流程运行完成
            </summary>
            <param name="eventArgs"></param>
        </member>
        <member name="T:Serein.Library.Api.ProjectLoadedHandler">
            <summary>
            项目加载完成
            </summary>
        </member>
        <member name="T:Serein.Library.Api.LoadDllHandler">
            <summary>
            加载项目文件时成功加载了DLL文件
            </summary>
        </member>
        <member name="T:Serein.Library.Api.RemoteDllHandler">
            <summary>
            移除了加载的dll
            </summary>
            <param name="eventArgs"></param>
        </member>
        <member name="T:Serein.Library.Api.NodeConnectChangeHandler">
            <summary>
            运行环境节点连接发生了改变
            </summary>
            <param name="fromNodeGuid"></param>
            <param name="toNodeGuid"></param>
            <param name="connectionType"></param>
        </member>
        <member name="T:Serein.Library.Api.NodeCreateHandler">
            <summary>
            环境中加载了一个节点
            </summary>
            <param name="fromNodeGuid"></param>
            <param name="toNodeGuid"></param>
            <param name="connectionType"></param>
        </member>
        <member name="T:Serein.Library.Api.StartNodeChangeHandler">
            <summary>
            环境中流程起始节点发生了改变
            </summary>
            <param name="eventArgs"></param>
        </member>
        <member name="T:Serein.Library.Api.MonitorObjectChangeHandler">
            <summary>
            被监视的对象改变事件
            </summary>
            <param name="eventArgs"></param>
        </member>
        <member name="T:Serein.Library.Api.NodeInterruptStateChangeHandler">
            <summary>
            节点中断状态改变事件（开启了中断/取消了中断）
            </summary>
            <param name="eventArgs"></param>
        </member>
        <member name="T:Serein.Library.Api.ExpInterruptTriggerHandler">
            <summary>
            节点触发中断事件
            </summary>
            <param name="eventArgs"></param>
        </member>
        <member name="T:Serein.Library.Api.FlowEventArgs">
            <summary>
            流程事件签名基类
            </summary>
        </member>
        <member name="P:Serein.Library.Api.FlowEventArgs.IsSucceed">
            <summary>
            是否完成
            </summary>
        </member>
        <member name="P:Serein.Library.Api.FlowEventArgs.ErrorTips">
            <summary>
            错误提示
            </summary>
        </member>
        <member name="P:Serein.Library.Api.LoadDllEventArgs.NodeLibrary">
            <summary>
            已加载了的程序集
            </summary>
        </member>
        <member name="P:Serein.Library.Api.LoadDllEventArgs.MethodDetailss">
            <summary>
            dll文件中有效的流程方法描述
            </summary>
        </member>
        <member name="T:Serein.Library.Api.NodeConnectChangeEventArgs.ConnectChangeType">
            <summary>
            连接关系改变类型
            </summary>
        </member>
        <member name="F:Serein.Library.Api.NodeConnectChangeEventArgs.ConnectChangeType.Create">
            <summary>
            创建
            </summary>
        </member>
        <member name="F:Serein.Library.Api.NodeConnectChangeEventArgs.ConnectChangeType.Remote">
            <summary>
            移除
            </summary>
        </member>
        <member name="P:Serein.Library.Api.NodeConnectChangeEventArgs.FromNodeGuid">
            <summary>
            连接关系中始节点的Guid
            </summary>
        </member>
        <member name="P:Serein.Library.Api.NodeConnectChangeEventArgs.ToNodeGuid">
            <summary>
            连接关系中目标节点的Guid
            </summary>
        </member>
        <member name="P:Serein.Library.Api.NodeConnectChangeEventArgs.ConnectionType">
            <summary>
            连接类型
            </summary>
        </member>
        <member name="P:Serein.Library.Api.NodeConnectChangeEventArgs.ChangeType">
            <summary>
            表示此次需要在两个节点之间创建连接关系，或是移除连接关系
            </summary>
        </member>
        <member name="P:Serein.Library.Api.NodeCreateEventArgs.NodeModel">
            <summary>
            节点Model对象，目前需要手动转换对应的类型
            </summary>
        </member>
        <member name="T:Serein.Library.Api.NodeRemoteHandler">
            <summary>
            环境中移除了一个节点
            </summary>
            <param name="eventArgs"></param>
        </member>
        <member name="P:Serein.Library.Api.NodeRemoteEventArgs.NodeGuid">
            <summary>
            被移除节点的Guid
            </summary>
        </member>
        <member name="P:Serein.Library.Api.StartNodeChangeEventArgs.OldNodeGuid">
            <summary>
            原来的起始节点Guid
            </summary>
        </member>
        <member name="P:Serein.Library.Api.StartNodeChangeEventArgs.NewNodeGuid">
            <summary>
            新的起始节点Guid
            </summary>
        </member>
        <member name="T:Serein.Library.Api.MonitorObjectEventArgs">
            <summary>
            监视的节点数据发生变化
            </summary>
        </member>
        <member name="P:Serein.Library.Api.MonitorObjectEventArgs.NodeGuid">
            <summary>
            中断的节点Guid
            </summary>
        </member>
        <member name="P:Serein.Library.Api.MonitorObjectEventArgs.NewData">
            <summary>
            新的数据
            </summary>
        </member>
        <member name="T:Serein.Library.Api.NodeInterruptStateChangeEventArgs">
            <summary>
            节点中断状态改变事件参数
            </summary>
        </member>
        <member name="P:Serein.Library.Api.NodeInterruptStateChangeEventArgs.NodeGuid">
            <summary>
            中断的节点Guid
            </summary>
        </member>
        <member name="T:Serein.Library.Api.InterruptTriggerEventArgs">
            <summary>
            节点触发了中断事件参数
            </summary>
        </member>
        <member name="F:Serein.Library.Api.InterruptTriggerEventArgs.InterruptTriggerType.Monitor">
            <summary>
            主动监视中断
            </summary>
        </member>
        <member name="F:Serein.Library.Api.InterruptTriggerEventArgs.InterruptTriggerType.Exp">
            <summary>
            表达式中断
            </summary>
        </member>
        <member name="F:Serein.Library.Api.InterruptTriggerEventArgs.InterruptTriggerType.Obj">
            <summary>
            对象监视中断
            </summary>
        </member>
        <member name="P:Serein.Library.Api.InterruptTriggerEventArgs.NodeGuid">
            <summary>
            中断的节点Guid
            </summary>
        </member>
        <member name="T:Serein.Library.Api.IOCMembersChangedHandler">
            <summary>
            IOC容器发生变化
            </summary>
        </member>
        <member name="T:Serein.Library.Api.IOCMembersChangedEventArgs">
            <summary>
            流程事件签名基类
            </summary>
        </member>
        <member name="F:Serein.Library.Api.IOCMembersChangedEventArgs.EventType.Registered">
            <summary>
            登记了类型
            </summary>
        </member>
        <member name="F:Serein.Library.Api.IOCMembersChangedEventArgs.EventType.Completeuild">
            <summary>
            构建了类型
            </summary>
        </member>
        <member name="T:Serein.Library.Api.NodeLocatedHandler">
            <summary>
            节点需要定位
            </summary>
            <param name="eventArgs"></param>
        </member>
        <member name="P:Serein.Library.Api.IFlowEnvironment.IOC">
            <summary>
            <para>单例模式IOC容器，内部维护了一个实例字典，默认使用类型的FullName作为Key，如果以“接口-实现类”的方式注册，那么将使用接口类型的FullName作为Key。</para>
            <para>当某个类型注册绑定成功后，将不会因为其它地方尝试注册相同类型的行为导致类型被重新创建。</para>
            </summary>
        </member>
        <member name="P:Serein.Library.Api.IFlowEnvironment.EnvName">
            <summary>
            环境名称
            </summary>
        </member>
        <member name="P:Serein.Library.Api.IFlowEnvironment.IsGlobalInterrupt">
            <summary>
            是否全局中断
            </summary>
        </member>
        <member name="P:Serein.Library.Api.IFlowEnvironment.MethodDetailss">
            <summary>
            DLL中NodeAction特性的方法描述的所有原始副本
            </summary>
        </member>
        <member name="P:Serein.Library.Api.IFlowEnvironment.FlowState">
            <summary>
            流程运行状态
            </summary>
        </member>
        <member name="P:Serein.Library.Api.IFlowEnvironment.FlipFlopState">
            <summary>
            全局触发器运行状态
            </summary>
        </member>
        <member name="E:Serein.Library.Api.IFlowEnvironment.OnDllLoad">
            <summary>
            加载Dll
            </summary>
        </member>
        <member name="E:Serein.Library.Api.IFlowEnvironment.OnProjectLoaded">
            <summary>
            项目加载完成
            </summary>
        </member>
        <member name="E:Serein.Library.Api.IFlowEnvironment.OnNodeConnectChange">
            <summary>
            节点连接属性改变事件
            </summary>
        </member>
        <member name="E:Serein.Library.Api.IFlowEnvironment.OnNodeCreate">
            <summary>
            节点创建事件
            </summary>
        </member>
        <member name="E:Serein.Library.Api.IFlowEnvironment.OnNodeRemote">
            <summary>
            移除节点事件
            </summary>
        </member>
        <member name="E:Serein.Library.Api.IFlowEnvironment.OnStartNodeChange">
            <summary>
            起始节点变化事件
            </summary>
        </member>
        <member name="E:Serein.Library.Api.IFlowEnvironment.OnFlowRunComplete">
            <summary>
            流程运行完成事件
            </summary>
        </member>
        <member name="E:Serein.Library.Api.IFlowEnvironment.OnMonitorObjectChange">
            <summary>
            被监视的对象改变事件
            </summary>
        </member>
        <member name="E:Serein.Library.Api.IFlowEnvironment.OnNodeInterruptStateChange">
            <summary>
            节点中断状态变化事件
            </summary>
        </member>
        <member name="E:Serein.Library.Api.IFlowEnvironment.OnInterruptTrigger">
            <summary>
            触发中断
            </summary>
        </member>
        <member name="E:Serein.Library.Api.IFlowEnvironment.OnIOCMembersChanged">
            <summary>
            IOC容器发生改变
            </summary>
        </member>
        <member name="E:Serein.Library.Api.IFlowEnvironment.OnNodeLocate">
            <summary>
            节点需要定位
            </summary>
        </member>
        <member name="M:Serein.Library.Api.IFlowEnvironment.TryGetMethodDetails(System.String,Serein.Library.Entity.MethodDetails@)">
            <summary>
            获取方法描述
            </summary>
            <param name="name"></param>
            <param name="md"></param>
            <returns></returns>
        </member>
        <member name="M:Serein.Library.Api.IFlowEnvironment.SaveProject">
            <summary>
            保存当前项目
            </summary>
            <returns></returns>
        </member>
        <member name="M:Serein.Library.Api.IFlowEnvironment.LoadProject(Serein.Library.Entity.SereinProjectData,System.String)">
            <summary>
            加载项目文件
            </summary>
            <param name="projectFile"></param>
            <param name="filePath"></param>
        </member>
        <member name="M:Serein.Library.Api.IFlowEnvironment.LoadDll(System.String)">
            <summary>
            从文件中加载Dll
            </summary>
            <param name="dllPath"></param>
        </member>
        <member name="M:Serein.Library.Api.IFlowEnvironment.RemoteDll(System.String)">
            <summary>
            移除DLL
            </summary>
            <param name="dllPath"></param>
        </member>
        <member name="M:Serein.Library.Api.IFlowEnvironment.ClearAll">
            <summary>
            清理加载的DLL（待更改）
            </summary>
        </member>
        <member name="M:Serein.Library.Api.IFlowEnvironment.StartAsync">
            <summary>
            开始运行
            </summary>
        </member>
        <member name="M:Serein.Library.Api.IFlowEnvironment.StartFlowInSelectNodeAsync(System.String)">
            <summary>
            从选定的节点开始运行
            </summary>
            <param name="startNodeGuid"></param>
            <returns></returns>
        </member>
        <member name="M:Serein.Library.Api.IFlowEnvironment.Exit">
            <summary>
            结束运行
            </summary>
        </member>
        <member name="M:Serein.Library.Api.IFlowEnvironment.SetStartNode(System.String)">
            <summary>
            设置流程起点节点
            </summary>
            <param name="nodeGuid"></param>
        </member>
        <member name="M:Serein.Library.Api.IFlowEnvironment.ConnectNode(System.String,System.String,Serein.Library.Enums.ConnectionType)">
            <summary>
            在两个节点之间创建连接关系
            </summary>
            <param name="fromNodeGuid">起始节点Guid</param>
            <param name="toNodeGuid">目标节点Guid</param>
            <param name="connectionType">连接类型</param>
        </member>
        <member name="M:Serein.Library.Api.IFlowEnvironment.CreateNode(Serein.Library.Enums.NodeControlType,Serein.Library.Entity.Position,Serein.Library.Entity.MethodDetails)">
            <summary>
            创建节点/区域/基础控件
            </summary>
            <param name="nodeBase">节点/区域/基础控件</param>
            <param name="methodDetails">节点绑定的方法说明（</param>
        </member>
        <member name="M:Serein.Library.Api.IFlowEnvironment.RemoveConnect(System.String,System.String,Serein.Library.Enums.ConnectionType)">
            <summary>
            移除两个节点之间的连接关系
            </summary>
            <param name="fromNodeGuid">起始节点</param>
            <param name="toNodeGuid">目标节点</param>
            <param name="connectionType">连接类型</param>
        </member>
        <member name="M:Serein.Library.Api.IFlowEnvironment.RemoveNode(System.String)">
            <summary>
            移除节点/区域/基础控件
            </summary>
            <param name="nodeGuid">待移除的节点Guid</param>
        </member>
        <member name="M:Serein.Library.Api.IFlowEnvironment.ActivateFlipflopNode(System.String)">
            <summary>
            激活未启动的全局触发器
            </summary>
            <param name="nodeGuid"></param>
        </member>
        <member name="M:Serein.Library.Api.IFlowEnvironment.TerminateFlipflopNode(System.String)">
            <summary>
            终结一个全局触发器，在它触发后将不会再次监听消息（表现为已经启动的触发器至少会再次处理一次消息，后面版本再修正这个非预期行为）
            </summary>
            <param name="nodeGuid"></param>
        </member>
        <member name="M:Serein.Library.Api.IFlowEnvironment.SetNodeInterrupt(System.String,Serein.Library.Entity.InterruptClass)">
            <summary>
            设置节点中断级别
            </summary>
            <param name="nodeGuid">被中断的节点Guid</param>
            <param name="interruptClass">新的中断级别</param>
            <returns></returns>
        </member>
        <member name="M:Serein.Library.Api.IFlowEnvironment.AddInterruptExpression(System.String,System.String)">
            <summary>
            添加作用于某个对象的中断表达式
            </summary>
            <param name="nodeGuid"></param>
            <param name="expression"></param>
            <returns></returns>
        </member>
        <member name="M:Serein.Library.Api.IFlowEnvironment.SetMonitorObjState(System.String,System.Boolean)">
            <summary>
            监视指定对象
            </summary>
            <param name="obj">需要监视的对象</param>
            <param name="isMonitor">是否启用监视</param>
        </member>
        <member name="M:Serein.Library.Api.IFlowEnvironment.CheckObjMonitorState(System.String,System.Collections.Generic.List{System.String}@)">
            <summary>
            检查一个对象是否处于监听状态，如果是，则传出与该对象相关的表达式（用于中断），如果不是，则返回false。
            </summary>
            <param name="obj">判断的对象</param>
            <param name="exps">表达式</param>
            <returns></returns>
        </member>
        <member name="M:Serein.Library.Api.IFlowEnvironment.GetOrCreateGlobalInterruptAsync">
            <summary>
            全局中断
            </summary>
            <param name="signal"></param>
            <param name="interruptClass"></param>
            <returns></returns>
        </member>
        <member name="M:Serein.Library.Api.IFlowEnvironment.MonitorObjectNotification(System.String,System.Object,Serein.Library.Api.MonitorObjectEventArgs.ObjSourceType)">
            <summary>
            流程启动器调用，监视数据更新通知
            </summary>
            <param name="nodeGuid">更新了数据的节点Guid</param>
            <param name="flowData">更新的数据</param>
        </member>
        <member name="M:Serein.Library.Api.IFlowEnvironment.TriggerInterrupt(System.String,System.String,Serein.Library.Api.InterruptTriggerEventArgs.InterruptTriggerType)">
            <summary>
            流程启动器调用，节点触发了中断
            </summary>
            <param name="nodeGuid">被中断的节点Guid</param>
            <param name="expression">被触发的表达式</param>
            <param name="type">中断类型。0主动监视，1表达式</param>
        </member>
        <member name="M:Serein.Library.Api.IFlowEnvironment.NodeLocated(System.String)">
            <summary>
            节点定位
            </summary>
            <param name="nodeGuid"></param>
        </member>
        <member name="T:Serein.Library.Api.ISereinIOC">
            <summary>
            <para>单例模式IOC容器，内部维护了一个实例字典，默认使用类型的FullName作为Key，如果以“接口-实现类”的方式注册，那么将使用接口类型的FullName作为Key。</para>
            <para>当某个类型注册绑定成功后，将不会因为其它地方尝试注册相同类型的行为导致类型被重新创建。</para>
            </summary>
        </member>
        <member name="M:Serein.Library.Api.ISereinIOC.Reset">
            <summary>
            慎用，重置IOC容器，除非再次注册绑定，否则将导致不能创建注入依赖类的临时对象。
            </summary>
            <returns></returns>
        </member>
        <member name="M:Serein.Library.Api.ISereinIOC.Register(System.Type,System.Object[])">
            <summary>
            注册实例，如果确定了params，那么将使用params入参构建实例对象。
            </summary>
        </member>
        <member name="M:Serein.Library.Api.ISereinIOC.Register``1(System.Object[])">
            <summary>
            通过泛型的方式注册实例，如果确定了params，那么将使用params入参构建实例对象。
            </summary>
            <typeparam name="T"></typeparam>
            <param name="parameters"></param>
            <returns></returns>
        </member>
        <member name="M:Serein.Library.Api.ISereinIOC.Register``2(System.Object[])">
            <summary>
            注册接口的实例
            </summary>
            <typeparam name="TService">接口类型</typeparam>
            <typeparam name="TImplementation">实例类型</typeparam>
            <param name="parameters"></param>
            <returns></returns>
        </member>
        <member name="M:Serein.Library.Api.ISereinIOC.Get(System.Type)">
            <summary>
            获取类型的实例。如果需要获取的类型以“接口-实现类”的方式注册，请使用接口的类型。
            </summary>
        </member>
        <member name="M:Serein.Library.Api.ISereinIOC.Get``1">
            <summary>
            获取类型的实例。如果需要获取的类型以“接口-实现类”的方式注册，请使用接口的类型。
            </summary>
        </member>
        <member name="M:Serein.Library.Api.ISereinIOC.Get``1(System.String)">
            <summary>
            <para>获取指定名称的实例。</para>
            <para>正常情况下应该使用 Get(Type type) /  T Get&lt;T&gt;() 进行获取，但如果需要的实例是以CustomRegisterInstance()进行的登记，则需要通过这种方法进行获取。</para>
            </summary>
            <typeparam name="T"></typeparam>
            <param name="key">登记实例时使用的Key</param>
            <returns></returns>
        </member>
        <member name="M:Serein.Library.Api.ISereinIOC.CustomRegisterInstance(System.String,System.Object,System.Boolean)">
            <summary>
            指定一个Key登记一个实例。如果实例中需要注入的依赖项，需要将needInjectProperty设置为true。
            </summary>
            <param name="key">注入名称</param>
            <param name="instance">实例对象</param>
            <param name="needInjectProperty">是否需要注入依赖项</param>
            <returns>是否注册成功</returns>
        </member>
        <member name="M:Serein.Library.Api.ISereinIOC.Instantiate(System.Type)">
            <summary>
            <para>创建实例并注入依赖项，不会注册到IOC容器中。</para>
            <para>使用场景：例如 View 的构造函数中需要创建 ViewModel，而 ViewModel 存在注册过的依赖项，可以通过该接口进行创建</para>
            <para></para>
            </summary>
        </member>
        <member name="M:Serein.Library.Api.ISereinIOC.Instantiate``1">
            <summary>
            <para>创建实例并注入依赖项，不会注册到IOC容器中。</para>
            <para>使用场景：例如 View 的构造函数中需要创建 ViewModel，而 ViewModel 存在注册过的依赖项，可以通过该接口进行创建</para>
            <para></para>
            </summary>
        </member>
        <member name="M:Serein.Library.Api.ISereinIOC.Build">
            <summary>
            通过已注册的类型，生成依赖关系，然后依次实例化并注入依赖项，最后登记到容器中。
            </summary>
            <returns></returns>
        </member>
        <member name="M:Serein.Library.Api.ISereinIOC.Run``1(System.Action{``0})">
            <summary>
            从容器中获取某个类型的实例进行运行
            </summary>
            <typeparam name="T"></typeparam>
            <param name="action"></param>
            <returns></returns>
        </member>
        <member name="T:Serein.Library.Entity.DelegateDetails">
            <summary>
            Emit创建的委托描述，用于WebApi、WebSocket、NodeFlow动态调用方法的场景。
            一般情况下你无须内部细节，只需要调用 Invoke() 方法即可。
            </summary>
        </member>
        <member name="M:Serein.Library.Entity.DelegateDetails.Invoke(System.Object,System.Object[])">
            <summary>
            异步等待Emit创建的委托。
            需要注意的是，传入的实例必须包含创建委托的方法信息，传入的参数也必须符合方法入参信息。
            </summary>
            <param name="instance">实例</param>
            <param name="args">入参</param>
            <returns>返回值</returns>
        </member>
        <member name="T:Serein.Library.Entity.MethodDetailsInfo">
            <summary>
            方法描述信息
            </summary>
        </member>
        <member name="P:Serein.Library.Entity.MethodDetailsInfo.LibraryName">
            <summary>
            属于哪个DLL文件
            </summary>
        </member>
        <member name="P:Serein.Library.Entity.MethodDetailsInfo.MethodName">
            <summary>
            方法名称
            </summary>
        </member>
        <member name="P:Serein.Library.Entity.MethodDetailsInfo.NodeType">
            <summary>
            节点类型
            </summary>
        </member>
        <member name="P:Serein.Library.Entity.MethodDetailsInfo.MethodTips">
            <summary>
            方法说明
            </summary>
        </member>
        <member name="P:Serein.Library.Entity.MethodDetailsInfo.ParameterDetailsInfos">
            <summary>
            参数内容
            </summary>
        </member>
        <member name="P:Serein.Library.Entity.MethodDetailsInfo.ReturnTypeFullName">
            <summary>
            出参类型
            </summary>
        </member>
        <member name="T:Serein.Library.Entity.MethodDetails">
            <summary>
            每个节点有独自的MethodDetails实例
            </summary>
        </member>
        <member name="M:Serein.Library.Entity.MethodDetails.ToInfo">
            <summary>
            转为信息
            </summary>
            <returns></returns>
        </member>
        <member name="M:Serein.Library.Entity.MethodDetails.Clone">
            <summary>
            从DLL拖动出来时拷贝新的实例
            </summary>
            <returns></returns>
        </member>
        <member name="P:Serein.Library.Entity.MethodDetails.IsProtectionParameter">
            <summary>
            是否保护参数（仅视觉效果参数，不影响运行实现）
            </summary>
        </member>
        <member name="P:Serein.Library.Entity.MethodDetails.ActingInstanceType">
            <summary>
            作用实例的类型（多个相同的节点将拥有相同的类型）
            </summary>
        </member>
        <member name="P:Serein.Library.Entity.MethodDetails.ActingInstance">
            <summary>
            作用实例（多个相同的节点将会共享同一个实例）
            </summary>
        </member>
        <member name="P:Serein.Library.Entity.MethodDetails.MethodName">
            <summary>
            方法名称
            </summary>
        </member>
        <member name="P:Serein.Library.Entity.MethodDetails.MethodDynamicType">
            <summary>
            节点类型
            </summary>
        </member>
        <member name="P:Serein.Library.Entity.MethodDetails.MethodLockName">
            <summary>
            锁名称（暂未实现）
            </summary>
        </member>
        <member name="P:Serein.Library.Entity.MethodDetails.MethodTips">
            <summary>
            方法说明
            </summary>
        </member>
        <member name="P:Serein.Library.Entity.MethodDetails.ParameterDetailss">
            <summary>
            参数描述
            </summary>
        </member>
        <member name="P:Serein.Library.Entity.MethodDetails.ReturnType">
            <summary>
            出参类型
            </summary>
        </member>
        <member name="T:Serein.Library.Entity.NodeDebugSetting">
            <summary>
            节点调试设置，用于中断节点的运行
            </summary>
        </member>
        <member name="P:Serein.Library.Entity.NodeDebugSetting.IsEnable">
            <summary>
            是否使能（调试中断功能）
            </summary>
        </member>
        <member name="P:Serein.Library.Entity.NodeDebugSetting.InterruptClass">
            <summary>
             中断级别，暂时停止继续执行后继分支。
            </summary>
        </member>
        <member name="P:Serein.Library.Entity.NodeDebugSetting.CancelInterruptCallback">
            <summary>
            取消中断的回调函数
            </summary>
        </member>
        <member name="P:Serein.Library.Entity.NodeDebugSetting.GetInterruptTask">
            <summary>
            中断Task（用来取消中断）
            </summary>
        </member>
        <member name="T:Serein.Library.Entity.InterruptClass">
            <summary>
            中断级别，暂时停止继续执行后继分支。
            </summary>
        </member>
        <member name="F:Serein.Library.Entity.InterruptClass.None">
            <summary>
            不中断
            </summary>
        </member>
        <member name="F:Serein.Library.Entity.InterruptClass.Branch">
            <summary>
            分支中断，中断进入当前节点的分支。
            </summary>
        </member>
        <member name="F:Serein.Library.Entity.InterruptClass.Global">
            <summary>
            全局中断，中断全局所有节点的运行。（暂未实现相关）
            </summary>
        </member>
        <member name="T:Serein.Library.Entity.NodeLibrary">
            <summary>
            节点DLL依赖类，如果一个项目中引入了多个DLL，需要放置在同一个文件夹中
            </summary>
        </member>
        <member name="P:Serein.Library.Entity.NodeLibrary.Path">
            <summary>
            路径
            </summary>
        </member>
        <member name="T:Serein.Library.Entity.ParameterDetailsInfo">
            <summary>
            方法入参描述
            </summary>
        </member>
        <member name="P:Serein.Library.Entity.ParameterDetailsInfo.Index">
            <summary>
            参数索引
            </summary>
        </member>
        <member name="P:Serein.Library.Entity.ParameterDetailsInfo.DataTypeFullName">
            <summary>
            方法需要的类型
            </summary>
        </member>
        <member name="P:Serein.Library.Entity.ParameterDetailsInfo.Name">
            <summary>
            方法入参参数名称
            </summary>
        </member>
        <member name="T:Serein.Library.Entity.ParameterDetails">
            <summary>
            节点入参参数详情
            </summary>
        </member>
        <member name="M:Serein.Library.Entity.ParameterDetails.ToInfo">
            <summary>
            转为描述
            </summary>
            <returns></returns>
        </member>
        <member name="M:Serein.Library.Entity.ParameterDetails.Clone">
            <summary>
            拷贝新的对象。
            </summary>
            <returns></returns>
        </member>
        <member name="P:Serein.Library.Entity.ParameterDetails.Index">
            <summary>
            参数索引
            </summary>
        </member>
        <member name="P:Serein.Library.Entity.ParameterDetails.IsExplicitData">
            <summary>
            是否为显式参数（固定值/表达式）
            </summary>
        </member>
        <member name="P:Serein.Library.Entity.ParameterDetails.Convertor">
            <summary>
            转换器 IEnumConvertor&lt;,&gt;
            </summary>
        </member>
        <member name="P:Serein.Library.Entity.ParameterDetails.ExplicitType">
            <summary>
            显式类型
            </summary>
        </member>
        <member name="P:Serein.Library.Entity.ParameterDetails.ExplicitTypeName">
            <summary>
            目前存在三种状态：Select/Bool/Value
            <para>Select : 枚举值</para>
            <para>Bool   : 布尔类型</para>
            <para>Value  ： 除以上类型之外的任意参数</para>
            </summary>
        </member>
        <member name="P:Serein.Library.Entity.ParameterDetails.DataType">
            <summary>
            方法需要的类型
            </summary>
        </member>
        <member name="P:Serein.Library.Entity.ParameterDetails.Name">
            <summary>
            方法入参参数名称
            </summary>
        </member>
        <member name="P:Serein.Library.Entity.ParameterDetails.DataValue">
            <summary>
            入参值（在UI上输入的文本内容）
            </summary>
        </member>
        <member name="P:Serein.Library.Entity.ParameterDetails.Items">
            <summary>
            如果是引用类型，拷贝时不会发生改变。
            </summary>
        </member>
        <member name="T:Serein.Library.Entity.SereinProjectData">
            <summary>
            项目保存文件
            </summary>
        </member>
        <member name="P:Serein.Library.Entity.SereinProjectData.Basic">
            <summary>
            基础
            </summary>
        </member>
        <member name="P:Serein.Library.Entity.SereinProjectData.Librarys">
            <summary>
            依赖的DLL
            </summary>
        </member>
        <member name="P:Serein.Library.Entity.SereinProjectData.StartNode">
            <summary>
            起始节点GUID
            </summary>
        </member>
        <member name="P:Serein.Library.Entity.SereinProjectData.Nodes">
            <summary>
            节点集合
            </summary>
        </member>
        <member name="T:Serein.Library.Entity.Basic">
            <summary>
            基础
            </summary>
        </member>
        <member name="P:Serein.Library.Entity.Basic.Canvas">
            <summary>
            画布
            </summary>
        </member>
        <member name="P:Serein.Library.Entity.Basic.Versions">
            <summary>
            版本
            </summary>
        </member>
        <member name="T:Serein.Library.Entity.FlowCanvas">
            <summary>
            画布
            </summary>
        </member>
        <member name="P:Serein.Library.Entity.FlowCanvas.Width">
            <summary>
            宽度
            </summary>
        </member>
        <member name="P:Serein.Library.Entity.FlowCanvas.Lenght">
            <summary>
            高度
            </summary>
        </member>
        <member name="P:Serein.Library.Entity.FlowCanvas.ViewX">
            <summary>
            预览位置X
            </summary>
        </member>
        <member name="P:Serein.Library.Entity.FlowCanvas.ViewY">
            <summary>
            预览位置Y
            </summary>
        </member>
        <member name="P:Serein.Library.Entity.FlowCanvas.ScaleX">
            <summary>
            缩放比例X
            </summary>
        </member>
        <member name="P:Serein.Library.Entity.FlowCanvas.ScaleY">
            <summary>
            缩放比例Y
            </summary>
        </member>
        <member name="T:Serein.Library.Entity.Library">
            <summary>
            DLL
            </summary>
        </member>
        <member name="P:Serein.Library.Entity.Library.Name">
            <summary>
            DLL名称
            </summary>
        </member>
        <member name="P:Serein.Library.Entity.Library.Path">
            <summary>
            路径
            </summary>
        </member>
        <member name="T:Serein.Library.Entity.NodeInfo">
            <summary>
            节点
            </summary>
        </member>
        <member name="P:Serein.Library.Entity.NodeInfo.Guid">
            <summary>
            GUID
            </summary>
        </member>
        <member name="P:Serein.Library.Entity.NodeInfo.MethodName">
            <summary>
            名称
            </summary>
        </member>
        <member name="P:Serein.Library.Entity.NodeInfo.Label">
            <summary>
            显示标签
            </summary>
        </member>
        <member name="P:Serein.Library.Entity.NodeInfo.Type">
            <summary>
            类型
            </summary>
        </member>
        <member name="P:Serein.Library.Entity.NodeInfo.TrueNodes">
            <summary>
            真分支节点GUID
            </summary>
        </member>
        <member name="P:Serein.Library.Entity.NodeInfo.FalseNodes">
            <summary>
            假分支节点
            </summary>
        </member>
        <member name="P:Serein.Library.Entity.NodeInfo.UpstreamNodes">
            <summary>
            上游分支
            </summary>
        </member>
        <member name="P:Serein.Library.Entity.NodeInfo.ErrorNodes">
            <summary>
            异常分支
            </summary>
        </member>
        <member name="P:Serein.Library.Entity.NodeInfo.ParameterData">
            <summary>
            参数
            </summary>
        </member>
        <member name="P:Serein.Library.Entity.NodeInfo.ChildNodeGuids">
            <summary>
            如果是区域控件，则会存在子项。
            </summary>
        </member>
        <member name="P:Serein.Library.Entity.NodeInfo.Position">
            <summary>
            于画布中的位置
            </summary>
        </member>
        <member name="P:Serein.Library.Entity.NodeInfo.IsSelect">
            <summary>
            是否选中（暂时无效）
            </summary>
        </member>
        <member name="T:Serein.Library.Entity.Parameterdata">
            <summary>
            显示参数
            </summary>
        </member>
        <member name="P:Serein.Library.Entity.Parameterdata.State">
            <summary>
            参数类型，true时使用自定义的入参，false时由运行环境自动传参
            </summary>
        </member>
        <member name="P:Serein.Library.Entity.Parameterdata.Value">
            <summary>
            自定义入参
            </summary>
        </member>
        <member name="P:Serein.Library.Entity.Parameterdata.Expression">
            <summary>
            表达式相关节点的表达式内容
            </summary>
        </member>
        <member name="T:Serein.Library.Entity.Position">
            <summary>
            节点于画布中的位置
            </summary>
        </member>
        <member name="M:Serein.Library.Entity.Position.#ctor(System.Double,System.Double)">
            <summary>
            构造一个坐标
            </summary>
        </member>
        <member name="T:Serein.Library.Enums.ConnectionType">
            <summary>
            表示了两个节点之间的连接关系,同时表示节点运行完成后，所会执行的下一个节点类型。
            </summary>
        </member>
        <member name="F:Serein.Library.Enums.ConnectionType.None">
            <summary>
            将不会继续执行
            </summary>
        </member>
        <member name="F:Serein.Library.Enums.ConnectionType.Upstream">
            <summary>
            上游分支（执行当前节点前会执行一次上游分支），默认执行。
            </summary>
        </member>
        <member name="F:Serein.Library.Enums.ConnectionType.IsSucceed">
            <summary>
            真分支（表示当前节点顺利完成）
            </summary>
        </member>
        <member name="F:Serein.Library.Enums.ConnectionType.IsFail">
            <summary>
            假分支（一般用于条件控件，条件为假时才会触发该类型的分支）
            </summary>
        </member>
        <member name="F:Serein.Library.Enums.ConnectionType.IsError">
            <summary>
            异常发生分支（当前节点对应的方法执行时出现非预期的异常）
            </summary>
        </member>
        <member name="T:Serein.Library.Enums.FlipflopStateType">
            <summary>
            触发器说明
            </summary>
        </member>
        <member name="F:Serein.Library.Enums.FlipflopStateType.Succeed">
            <summary>
            成功（方法成功执行）
            </summary>
        </member>
        <member name="F:Serein.Library.Enums.FlipflopStateType.Fail">
            <summary>
            失败（方法没有成功执行，不过执行时没有发生非预期的错误）
            </summary>
        </member>
        <member name="F:Serein.Library.Enums.FlipflopStateType.Error">
            <summary>
            异常（节点没有成功执行，执行时发生非预期的错误）
            </summary>
        </member>
        <member name="F:Serein.Library.Enums.FlipflopStateType.Cancel">
            <summary>
            取消（将不会执行触发器的后继节点）
            </summary>
        </member>
        <member name="T:Serein.Library.Enums.NodeType">
            <summary>
            用来判断该方法属于什么节点，使运行环境决定方法的运行逻辑
            </summary>
        </member>
        <member name="F:Serein.Library.Enums.NodeType.Init">
            <summary>
            初始化，流程启动时执行（不生成节点）
            <para>可以异步等待</para>
            </summary>
        </member>
        <member name="F:Serein.Library.Enums.NodeType.Loading">
            <summary>
            开始载入，流程启动时执行（不生成节点）
            <para>可以异步等待</para>
            </summary>
        </member>
        <member name="F:Serein.Library.Enums.NodeType.Exit">
            <summary>
            结束，流程结束时执行（不生成节点）
            <para>可以异步等待</para>
            </summary>
        </member>
        <member name="F:Serein.Library.Enums.NodeType.Flipflop">
            <summary>
            <para>触发器节点，必须为标记在可异步等待的方法，建议与继承了 FlowTriggerk&lt;TEnum&gt; 的实例对象搭配使用</para>
            <para>方法返回值必须为Task&lt;IFlipflopContext&lt;TResult&gt;&gt;，若为其它返回值，将不会创建节点。</para>
            <para>触发器根据在分支中的位置，分为两种类型：流程分支中的触发器、全局触发器</para>
            <para>一般的触发器：存在于分支某处，也可能是分支的终点，但一定不是流程的起点与分支的起点。</para>
            <para>一般的触发器行为：在当前分支中执行一次之后不再执行，一般用于等待某个操作的响应。</para>
            <para>一般的触发器入参：如果使用了 FlowTriggerk&lt;TEnum&gt; ，就会至少有一个枚举类型的参数，参数类型与 TEnum 泛型一致。</para>
            <para>全局触发器：没有上游分支、同时并非流程的起始节点。</para>
            <para>全局触发器行为：全局触发器会循环执行，直到流程结束。</para>
            <para>一般的触发器入参：如果使用了 FlowTriggerk&lt;TEnum&gt; ，就会至少有一个枚举类型的参数，参数类型与 TEnum 泛型一致。</para>
            </summary>
        </member>
        <member name="F:Serein.Library.Enums.NodeType.Action">
            <summary>
            <para>动作节点，可以异步等待</para>
            <para>如果不显式的设置入参数据（例如文本、@Get取值表达式），就会默认使用该节点的运行时上一个节点的数据。</para>
            <para>假如上一节点是某个对象，但入参需要的是对象中某个属性/字段，则建议使用取值表达式、表达式节点获取所需要的数据。</para>
            <para>关于@Get取值表达式的使用方法：</para>
             <para>public class UserInfo                                                         </para>
             <para>{                                                                             </para>
             <para>    public string Name; // 取值表达式：@Get .Name                       </para>
             <para>    public string[] PhoneNums; // 获取第1项的取值表达式：@Get .PhoneNums[0]   </para>
             <para> }                                                                            </para>
            <para>取值表达式可以符合直觉的如此获取实例成员：@Get .Data.Array[2].Data......</para>
            <para>格式说明：@Get大小写不敏感，然后空一格，需要标记“.”，然后才是获取成员名称（成员名称大小写敏感）。</para>
            </summary>
        </member>
        <member name="T:Serein.Library.Enums.NodeControlType">
            <summary>
            生成的节点控件
            </summary>
        </member>
        <member name="F:Serein.Library.Enums.NodeControlType.Action">
            <summary>
            动作节点
            </summary>
        </member>
        <member name="F:Serein.Library.Enums.NodeControlType.Flipflop">
            <summary>
            触发器节点
            </summary>
        </member>
        <member name="F:Serein.Library.Enums.NodeControlType.ExpOp">
            <summary>
            表达式操作节点
            </summary>
        </member>
        <member name="F:Serein.Library.Enums.NodeControlType.ExpCondition">
            <summary>
            表达式操作节点
            </summary>
        </member>
        <member name="F:Serein.Library.Enums.NodeControlType.ConditionRegion">
            <summary>
            条件节点区域
            </summary>
        </member>
        <member name="T:Serein.Library.Enums.RunState">
            <summary>
            流程运行状态
            </summary>
        </member>
        <member name="F:Serein.Library.Enums.RunState.NoStart">
            <summary>
            初始化值，等待开始。只有初始化时才会存在该值，后续每次重新开始都是从 Completion 变成 Running）
            </summary>
        </member>
        <member name="F:Serein.Library.Enums.RunState.Running">
            <summary>
            正在运行
            </summary>
        </member>
        <member name="F:Serein.Library.Enums.RunState.Completion">
            <summary>
            运行完成
            </summary>
        </member>
        <member name="T:Serein.Library.Ex.FlipflopException">
            <summary>
            触发器异常
            </summary>
        </member>
        <member name="F:Serein.Library.Ex.FlipflopException.CancelClass.Branch">
            <summary>
            取消触发器当前所在分支的继续执行
            </summary>
        </member>
        <member name="F:Serein.Library.Ex.FlipflopException.CancelClass.Flow">
            <summary>
            取消整个触发器流程的再次执行（用于停止全局触发器）
            </summary>
        </member>
        <member name="P:Serein.Library.Ex.FlipflopException.IsCancel">
            <summary>
            是否已取消
            </summary>
        </member>
        <member name="P:Serein.Library.Ex.FlipflopException.Type">
            <summary>
            取消类型
            </summary>
        </member>
        <member name="T:Serein.Library.Web.UrlAttribute">
            <summary>
            表示参数为url中的数据
            </summary>
        </member>
        <member name="T:Serein.Library.Web.BobyAttribute">
            <summary>
            表示入参参数为整个boby的数据
            <para>
            例如：User类型含有int id、string name字段</para>
            <para>
            ① Add(User user)</para>
             <para>请求需要传入的json为
                 {"user":{
                   "id":2,
                   "name":"李志忠"}}</para>
              <para>
            ② Add([Boby]User user)</para>
             <para>请求需要传入的json为
                 {"id":2,"name":"李志忠"}</para>
            
            </summary>
        </member>
        <member name="T:Serein.Library.Web.AutoHostingAttribute">
            <summary>
            标记该类为 Web Api 处理类
            </summary>
        </member>
        <member name="T:Serein.Library.Web.WebApiAttribute">
            <summary>
            方法的接口类型与附加URL
            </summary>
        </member>
        <member name="F:Serein.Library.Web.WebApiAttribute.IsUrl">
            <summary>
            方法名称不作为url的部分
            </summary>
        </member>
        <member name="M:Serein.Library.Web.WebApiAttribute.#ctor(Serein.Library.Web.ApiType,System.Boolean,System.String)">
            <summary>
             假设UserController.Add()的WebAPI特性中
             http是HTTP.POST
             url被显示标明“temp”
             那么请求的接口是POST,URL是
             [http://localhost:8080]/user/add/temp
            </summary>
            <param name="http"></param>
            <param name="url"></param>
        </member>
        <member name="T:Serein.Library.Web.Router">
            <summary>
            路由注册与解析
            </summary>
        </member>
        <member name="F:Serein.Library.Web.Router._controllerTypes">
            <summary>
            控制器实例对象的类型，每次调用都会重新实例化，[Url - ControllerType]
            </summary>
        </member>
        <member name="F:Serein.Library.Web.Router.HandleModels">
            <summary>
            用于存储路由信息，[GET|POST - [Url - Method]]
            </summary>
        </member>
        <member name="M:Serein.Library.Web.Router.ProcessingAsync(System.Net.HttpListenerContext)">
            <summary>
            在外部调用API后，解析路由，调用对应的方法
            </summary>
            <param name="context"></param>
            <returns></returns>
        </member>
        <member name="M:Serein.Library.Web.Router.ReadRequestBodyAsync(System.Net.HttpListenerRequest)">
            <summary>
            读取Body中的消息
            </summary>
            <param name="request"></param>
            <returns></returns>
        </member>
        <member name="M:Serein.Library.Web.Router.Return(System.Net.HttpListenerResponse,System.Object)">
            <summary>
            返回响应消息
            </summary>
            <param name="response"></param>
            <param name="msg"></param>
        </member>
        <member name="M:Serein.Library.Web.Router.AddRoutesUrl(Serein.Library.Web.AutoHostingAttribute,Serein.Library.Web.WebApiAttribute,System.Type,System.Reflection.MethodInfo)">
            <summary>
            从方法中收集路由信息，返回方法对应的url
            </summary>
            <param name="autoHostingAttribute">类的特性</param>
            <param name="webAttribute">方法的特性</param>
            <param name="controllerType">控制器类型</param>
            <param name="method">方法信息</param>
            <returns>方法对应的urk</returns>
        </member>
        <member name="M:Serein.Library.Web.Router.CleanUrl(System.String)">
            <summary>
            修正方法特性中的URL格式
            </summary>
            <param name="url"></param>
            <returns></returns>
        </member>
        <member name="M:Serein.Library.Web.Router.GetUrlData(System.Uri)">
            <summary>
            方法声明，用于解析 URL 获取路由参数
            </summary>
            <param name="uri"></param>
            <returns></returns>
        </member>
        <member name="M:Serein.Library.Web.Router.ExtractTargetTypeFromExceptionMessage(System.String)">
            <summary>
            从控制器调用方法的异常中获取出出错类型的信息
            </summary>
            <param name="errorMessage"></param>
            <returns></returns>
        </member>
        <member name="T:Serein.Library.Web.WebApiServer">
            <summary>
            HTTP接口监听类
            </summary>
        </member>
        <member name="M:Serein.Library.Web.WebApiServer.ProcessRequestAsync(System.Net.HttpListenerContext)">
            <summary>
            处理请求
            </summary>
            <param name="context"></param>
            <returns></returns>
        </member>
        <member name="T:Serein.Library.Web.RequestLimiter">
            <summary>
            判断访问接口的频次是否正常
            </summary>
        </member>
        <member name="M:Serein.Library.Web.RequestLimiter.AllowRequest(System.Net.HttpListenerRequest)">
            <summary>
            判断访问接口的频次是否正常
            </summary>
            <returns></returns>
        </member>
        <member name="T:Serein.Library.Network.WebSocketCommunication.AutoSocketModuleAttribute">
            <summary>
            <para>标记该类是处理模板，需要获取WebSocketServer/WebSocketClient了实例后，使用(Server/Client).MsgHandleHelper.AddModule()进行添加。</para>
            <para>处理模板需要继承 ISocketHandleModule 接口，否则WebSocket接受到数据时，将无法进行调用相应的处理模板。</para> 
            <para>使用方式：</para>
            <para>[AutoSocketModule(ThemeKey = "theme", DataKey = "data")]</para>
            <para>public class PlcSocketService : ISocketHandleModule</para>
            <para>类中方法示例：void AddUser(string name,int age)</para>
            <para>Json示例：{ "theme":"AddUser", //【ThemeKey】 </para>
            <para>  "data": { // 【DataKey】  </para>              
            <para>    "name":"张三",         </para>
            <para>    "age":35,   } }       </para>
            <para>WebSocket中收到以上该Json时，通过ThemeKey获取到"AddUser"，然后找到AddUser()方法</para>
            <para>然后根据方法入参名称，从data对应的json数据中取出"name""age"对应的数据作为入参进行调用。AddUser("张三",35)</para>
            <para></para>
            </summary>
        </member>
        <member name="T:Serein.Library.Network.WebSocketCommunication.AutoSocketHandleAttribute">
            <summary>
            <para>作用：WebSocket中处理Json时，将通过Json中ThemeKey 对应的内容（ThemeValue）自动路由到相应方法进行处理。</para>
            <para>如果没有显式设置ThemeValue，将默认使用方法名称作为ThemeValue。</para>
            <para>如果没有显式设置IsReturnValue标记为false，当方法顺利完成（没有抛出异常，且返回对象非null），会自动转为json文本发送回去</para>
            <para>如果返回类型为Task或Task&lt;TResult&gt;，将会自动等待异步完成并获取结果（无法处理Task&lt;Task&lt;TResult&gt;&gt;的情况）。</para>
            <para>如果返回了值类型，会自动装箱为引用对象。</para>
            <para>如果有方法执行过程中发送消息的需求，请在入参中声明以下类型的成员，调用时将传入发送消息的委托。</para>
            <para>Action&lt;string&gt; : 发送文本内容。</para>
            <para>Action&lt;object&gt; : 会自动将对象解析为Json字符串，发送文本内容。</para>
            <para>Action&lt;dynamic&gt; : 会自动将对象解析为Json字符串，发送文本内容。</para>
            <para>Func&lt;string,Task&gt; : 异步发送文本内容。</para>
            <para>Func&lt;object,Task&gt; : 会自动将对象解析为Json字符串，异步发送文本内容。</para>
            <para>Func&lt;dynamic,Task&gt; : 会自动将对象解析为Json字符串，异步发送文本内容。</para>
            </summary>
        </member>
        <member name="F:Serein.Library.Network.WebSocketCommunication.AutoSocketHandleAttribute.ThemeValue">
            <summary>
            描述Json业务字段，如果不设置，将默认使用方法名称。
            </summary>
        </member>
        <member name="F:Serein.Library.Network.WebSocketCommunication.AutoSocketHandleAttribute.IsReturnValue">
            <summary>
            <para>标记方法执行完成后是否需要将结果发送。</para>
            <para>但以下情况将不会发送：</para>
            <para>1.返回类型为void</para>
            <para>2.返回类型为Task</para>
            <para>3.返回了null</para>
            <para>补充：如果返回类型是Task&lt;TResult&gt;</para>
            <para>会进行异步等待，当Task结束后，自动获取TResult进行发送（请避免Task&lt;Task&lt;TResult&gt;&gt;诸如此类的Task泛型嵌套）</para>
            </summary>
        </member>
        <member name="F:Serein.Library.Network.WebSocketCommunication.Handle.WebSocketMsgHandleHelper.MyHandleModuleDict">
            <summary>
            (Theme Name ,Data Name) - HandleModule
            </summary>
        </member>
        <member name="E:Serein.Library.Network.WebSocketCommunication.Handle.WebSocketMsgHandleHelper.OnExceptionTracking">
            <summary>
            异常跟踪
            </summary>
        </member>
        <member name="M:Serein.Library.Network.WebSocketCommunication.Handle.WebSocketMsgHandleHelper.AddMyHandleModule(System.String,System.String)">
            <summary>
            添加消息处理与异常处理
            </summary>
            <param name="themeKeyName"></param>
            <param name="dataKeyName"></param>
            <returns></returns>
        </member>
        <member name="M:Serein.Library.Network.WebSocketCommunication.Handle.WebSocketMsgHandleHelper.RemoveModule(Serein.Library.Network.WebSocketCommunication.ISocketHandleModule)">
            <summary>
            移除某个模块的WebSocket消息处理
            </summary>
            <param name="socketControlBase"></param>
        </member>
        <member name="M:Serein.Library.Network.WebSocketCommunication.Handle.WebSocketMsgHandleHelper.AddModule(Serein.Library.Network.WebSocketCommunication.ISocketHandleModule,System.Action{System.Exception,System.Action{System.Object}})">
            <summary>
            添加消息处理以及异常处理
            </summary>
            <param name="socketControlBase"></param>
            <param name="onExceptionTracking"></param>
        </member>
        <member name="T:Serein.Library.Attributes.AutoInjectionAttribute">
            <summary>
            <para>表示该属性为自动注入依赖项。</para>
            <para>使用场景：构造函数中存在互相依赖的情况</para>
            <para>例如ServiceA类构造函数中需要传入ServiceB，ServiceB类构造函数中也需要传入ServiceA</para>
            <para>这种情况会导致流程启动时，IOC容器无法注入构造函数并创建类型，导致启动失败。</para>
            <para>解决方法：从ServiceA类的构造函数中移除ServiceB类型的入参，将该类型更改为公开可见的可写属性成员ServiceB serviceB{get;set;}，并在该属性上标记[AutoInjection]特性</para>
            </summary>
        </member>
        <member name="F:Serein.Library.Attributes.RegisterSequence.Node">
            <summary>
            不自动初始化
            </summary>
        </member>
        <member name="F:Serein.Library.Attributes.RegisterSequence.FlowInit">
            <summary>
            初始化后
            </summary>
        </member>
        <member name="F:Serein.Library.Attributes.RegisterSequence.FlowLoading">
            <summary>
            加载后
            </summary>
        </member>
        <member name="T:Serein.Library.Attributes.AutoRegisterAttribute">
            <summary>
            <para>启动流程时，会将标记了该特性的类自动注册到IOC容器中，从而无需手动进行注册绑定。</para>
            <para>流程启动后，IOC容器会进行5次注册绑定。</para>
            <para>第1次注册绑定：初始化所有节点所属的类（[DynamicFlow]标记的类）。</para>
            <para>第2次注册绑定：※初始化所有[AutoRegister(Class=FlowInit)]的类。</para>
            <para>第3次注册绑定：调用所有Init节点后，进行注册绑定。</para>
            <para>第4次注册绑定：※初始化所有[AutoRegister(Class=FlowLoading)]的类</para>
            <para>第5次注册绑定：调用所有Load节点后，进行注册绑定。</para>
            <para>需要注意的是，在第1次进行注册绑定的过程中，如果类的构造函数存在入参，那么也会将入参自动创建实例并托管到IOC容器中。</para>
            </summary>
        </member>
        <member name="T:Serein.Library.Attributes.DynamicFlowAttribute">
            <summary>
            <para>表示该类中存在节点信息</para>
            </summary>
        </member>
        <member name="P:Serein.Library.Attributes.DynamicFlowAttribute.Name">
            <summary>
            补充名称，不影响运行流程
            </summary>
        </member>
        <member name="P:Serein.Library.Attributes.DynamicFlowAttribute.Scan">
            <summary>
            如果设置为false，将忽略该类
            </summary>
        </member>
        <member name="T:Serein.Library.Attributes.NodeActionAttribute">
            <summary>
             <para>表示该方法将会生成节点，或是加入到流程运行中</para>
             <para>如果是Task类型的返回值，将会自动进行等待</para>
            </summary>
        </member>
        <member name="F:Serein.Library.Attributes.NodeActionAttribute.Scan">
            <summary>
            如果设置为false时将不会生成节点信息
            </summary>
        </member>
        <member name="F:Serein.Library.Attributes.NodeActionAttribute.MethodTips">
            <summary>
            类似于注释的效果
            </summary>
        </member>
        <member name="F:Serein.Library.Attributes.NodeActionAttribute.MethodDynamicType">
            <summary>
            标记节点行为
            </summary>
        </member>
        <member name="F:Serein.Library.Attributes.NodeActionAttribute.LockName">
            <summary>
            暂无意义
            </summary>
        </member>
        <member name="T:Serein.Library.Attributes.EnumTypeConvertorAttribute">
            <summary>
            枚举值转换器，要求枚举项标记的BindValueAttribute特性，与搭配的参数类型一致，否则参数不会传入
            </summary>
        </member>
        <member name="T:Serein.Library.Attributes.BindConvertorAttribute">
            <summary>
            绑定转换器
            </summary>
        </member>
        <member name="T:Serein.Library.Attributes.IEnumConvertor`2">
            <summary>
            枚举转换器接口
            </summary>
            <typeparam name="TEnum"></typeparam>
            <typeparam name="TValue"></typeparam>
        </member>
        <member name="T:Serein.Library.Utils.ChannelFlowInterrupt">
            <summary>
            流程中断管理
            </summary>
        </member>
        <member name="T:Serein.Library.Utils.ChannelFlowInterrupt.CancelType">
            <summary>
            中断取消类型
            </summary>
        </member>
        <member name="M:Serein.Library.Utils.ChannelFlowInterrupt.GetCreateChannelWithTimeoutAsync(System.String,System.TimeSpan)">
            <summary>
            创建信号并指定超时时间，到期后自动触发（异步方法）
            </summary>
            <param name="signal">信号标识符</param>
            <param name="outTime">超时时间</param>
            <returns>等待任务</returns>
        </member>
        <member name="M:Serein.Library.Utils.ChannelFlowInterrupt.GetOrCreateChannelAsync(System.String)">
            <summary>
            创建信号，直到手动触发（异步方法）
            </summary>
            <param name="signal">信号标识符</param>
            <param name="outTime">超时时间</param>
            <returns>等待任务</returns>
        </member>
        <member name="M:Serein.Library.Utils.ChannelFlowInterrupt.CreateChannelWithTimeoutSync(System.String,System.TimeSpan)">
            <summary>
            创建信号并指定超时时间，到期后自动触发（同步阻塞方法）
            </summary>
            <param name="signal">信号标识符</param>
            <param name="timeout">超时时间</param>
        </member>
        <member name="M:Serein.Library.Utils.ChannelFlowInterrupt.TriggerSignal(System.String)">
            <summary>
            触发信号
            </summary>
            <param name="signal">信号字符串</param>
            <returns>是否成功触发</returns>
        </member>
        <member name="M:Serein.Library.Utils.ChannelFlowInterrupt.CancelAllTasks">
            <summary>
            取消所有任务
            </summary>
        </member>
        <member name="M:Serein.Library.Utils.ChannelFlowInterrupt.GetOrCreateChannel(System.String)">
            <summary>
            获取或创建指定信号的 Channel
            </summary>
            <param name="signal">信号字符串</param>
            <returns>对应的 Channel</returns>
        </member>
        <member name="T:Serein.Library.Utils.ConvertHelper">
            <summary>
            类型转换工具类
            </summary>
        </member>
        <member name="T:Serein.Library.Utils.EmitHelper">
            <summary>
            Emit创建委托工具类
            </summary>
        </member>
        <member name="F:Serein.Library.Utils.EmitHelper.EmitMethodType.Func">
            <summary>
            普通的方法。如果方法返回void时，将会返回null。
            </summary>
        </member>
        <member name="F:Serein.Library.Utils.EmitHelper.EmitMethodType.Task">
            <summary>
            无返回值的异步方法
            </summary>
        </member>
        <member name="F:Serein.Library.Utils.EmitHelper.EmitMethodType.HasResultTask">
            <summary>
            有返回值的异步方法
            </summary>
        </member>
        <member name="M:Serein.Library.Utils.EmitHelper.CreateDynamicMethod(System.Reflection.MethodInfo,System.Delegate@)">
            <summary>
            根据方法信息创建动态调用的委托，返回方法类型，以及传出一个委托
            </summary>
            <param name="methodInfo"></param>
            <param name="delegate"></param>
            <returns></returns>
        </member>
        <member name="T:Serein.Library.Utils.EnumHelper">
            <summary>
            枚举工具类，用于枚举转换器
            </summary>
        </member>
        <member name="M:Serein.Library.Utils.EnumHelper.TryConvertEnum``1(System.String,``0@)">
            <summary>
            将字符串的字面量枚举值，转为对应的枚举值
            </summary>
            <typeparam name="TEnum">枚举</typeparam>
            <param name="value">枚举字面量</param>
            <param name="result">返回的枚举值</param>
            <returns>是否转换成功</returns>
        </member>
        <member name="M:Serein.Library.Utils.EnumHelper.GetBoundValue``2(``0,System.Func{Serein.Library.Attributes.BindValueAttribute,System.Object})">
            <summary>
            从枚举值的 BindValueAttribute 特性中 获取绑定的参数（用于绑定了某些内容的枚举值）
            </summary>
            <typeparam name="TEnum">枚举类型</typeparam>
            <typeparam name="TResult">返回类型</typeparam>
            <param name="enumValue">枚举值</param>
            <param name="valueSelector">选择什么参数</param>
            <returns></returns>
        </member>
        <member name="M:Serein.Library.Utils.EnumHelper.GetBoundValue``3(``0,System.Func{``1,``2})">
            <summary>
            从枚举值从获取自定义特性的成员，并自动转换类型
            </summary>
            <typeparam name="TEnum">枚举类型</typeparam>
            <typeparam name="TAttribute">自定义特性类型</typeparam>
            <typeparam name="TResult">返回类型</typeparam>
            <param name="enumValue">枚举值</param>
            <param name="valueSelector">特性成员选择</param>
            <returns></returns>
        </member>
        <member name="T:Serein.Library.Utils.ExpressionHelper">
            <summary>
            基于类型创建表达式树反射委托（目前已使用EmitHelper代替）
            </summary>
        </member>
        <member name="P:Serein.Library.Utils.ExpressionHelper.Cache">
            <summary>
            缓存表达式树反射方法
            </summary>
        </member>
        <member name="M:Serein.Library.Utils.ExpressionHelper.PropertyGetter(System.Type,System.String)">
            <summary>
            动态获取属性值
            </summary>
        </member>
        <member name="M:Serein.Library.Utils.ExpressionHelper.CreateGetterDelegate(System.Type,System.String)">
            <summary>
            动态获取属性值
            </summary>
        </member>
        <member name="M:Serein.Library.Utils.ExpressionHelper.PropertySetter(System.Type,System.String)">
            <summary>
            动态设置属性值
            </summary>
        </member>
        <member name="M:Serein.Library.Utils.ExpressionHelper.CreateSetterDelegate(System.Type,System.String)">
            <summary>
            动态设置属性值
            </summary>
        </member>
        <member name="M:Serein.Library.Utils.ExpressionHelper.FieldGetter(System.Type,System.String)">
            <summary>
            动态获取字段值
            </summary>
        </member>
        <member name="M:Serein.Library.Utils.ExpressionHelper.CreateFieldGetterDelegate(System.Type,System.String)">
            <summary>
            动态获取字段值
            </summary>
        </member>
        <member name="M:Serein.Library.Utils.ExpressionHelper.FieldSetter(System.Type,System.String)">
            <summary>
            动态设置字段值
            </summary>
        </member>
        <member name="M:Serein.Library.Utils.ExpressionHelper.CreateFieldSetterDelegate(System.Type,System.String)">
            <summary>
            动态设置字段值
            </summary>
        </member>
        <member name="M:Serein.Library.Utils.ExpressionHelper.MethodCaller(System.Type,System.Reflection.MethodInfo)">
            <summary>
            表达式树构建无参数，无返回值方法
            </summary>
        </member>
        <member name="M:Serein.Library.Utils.ExpressionHelper.CreateMethodCallerDelegate(System.Type,System.Reflection.MethodInfo)">
            <summary>
            表达式树构建无参数，无返回值方法
            </summary>
        </member>
        <member name="M:Serein.Library.Utils.ExpressionHelper.MethodCallerHaveResult(System.Type,System.Reflection.MethodInfo)">
            <summary>
            表达式树构建无参数，有返回值方法
            </summary>
        </member>
        <member name="M:Serein.Library.Utils.ExpressionHelper.CreateMethodCallerDelegateHaveResult(System.Type,System.Reflection.MethodInfo)">
            <summary>
            表达式树构建无参数，有返回值方法
            </summary>
        </member>
        <member name="M:Serein.Library.Utils.ExpressionHelper.MethodCaller(System.Type,System.Reflection.MethodInfo,System.Type[])">
            <summary>
            表达式树构建多个参数,无返回值的方法
            </summary>
        </member>
        <member name="M:Serein.Library.Utils.ExpressionHelper.CreateMethodCallerDelegate(System.Type,System.Reflection.MethodInfo,System.Type[])">
            <summary>
            表达式树构建多个参数,无返回值的方法
            </summary>
        </member>
        <member name="M:Serein.Library.Utils.ExpressionHelper.MethodCallerHaveResult(System.Type,System.Reflection.MethodInfo,System.Type[])">
            <summary>
            表达式树构建多个参数,有返回值的方法
            </summary>
        </member>
        <member name="M:Serein.Library.Utils.ExpressionHelper.CreateMethodCallerDelegateHaveResult(System.Type,System.Reflection.MethodInfo,System.Type[])">
            <summary>
            表达式树构建多个参数,有返回值的方法
            </summary>
        </member>
        <!-- Badly formed XML comment ignored for member "M:Serein.Library.Utils.ExpressionHelper.MethodCallerAsync(System.Type,System.Reflection.MethodInfo)" -->
        <!-- Badly formed XML comment ignored for member "M:Serein.Library.Utils.ExpressionHelper.CreateMethodCallerDelegateAsync(System.Type,System.Reflection.MethodInfo)" -->
        <member name="M:Serein.Library.Utils.ExpressionHelper.MethodCallerAsync(System.Type,System.Reflection.MethodInfo,System.Type[])">
            <summary>
            表达式树构建多个参数，有返回值(Task-object)的方法（触发器）
            </summary>
        </member>
        <!-- Badly formed XML comment ignored for member "M:Serein.Library.Utils.ExpressionHelper.CreateMethodCallerDelegateAsync(System.Type,System.Reflection.MethodInfo,System.Type[])" -->
        <member name="T:Serein.Library.Utils.SereinIOC">
            <summary>
            IOC管理容器
            </summary>
        </member>
        <member name="F:Serein.Library.Utils.SereinIOC._typeMappings">
            <summary>
            类型集合，暂放待实例化的类型，完成实例化之后移除
            </summary>
        </member>
        <member name="F:Serein.Library.Utils.SereinIOC._dependencies">
            <summary>
            已完成注入的实例集合
            </summary>
        </member>
        <member name="F:Serein.Library.Utils.SereinIOC._unfinishedDependencies">
            <summary>
            未完成注入的实例集合。
            键：需要的类型名称
            值：元组（对象实例，对象的属性）
            </summary>
        </member>
        <member name="M:Serein.Library.Utils.SereinIOC.Register(System.Type,System.Object[])">
            <summary>
            注册类型
            </summary>
            <param name="type">目标类型</param>
            <param name="parameters">参数</param>
        </member>
        <member name="M:Serein.Library.Utils.SereinIOC.Register``1(System.Object[])">
            <summary>
            注册类型
            </summary>
            <param name="type">目标类型</param>
            <param name="parameters">参数</param>
        </member>
        <member name="M:Serein.Library.Utils.SereinIOC.Register``2(System.Object[])">
            <summary>
            注册接口类型
            </summary>
            <param name="type">目标类型</param>
            <param name="parameters">参数</param>
        </member>
        <member name="M:Serein.Library.Utils.SereinIOC.Instantiate(System.Type)">
            <summary>
            用于临时实例的创建，不登记到IOC容器中，依赖项注入失败时也不记录。
            </summary>
            <param name="controllerType"></param>
            <param name="parameters"></param>
            <returns></returns>
        </member>
        <member name="M:Serein.Library.Utils.SereinIOC.CustomRegisterInstance(System.String,System.Object,System.Boolean)">
            <summary>
            指定key值注册一个已经实例化的实例对象
            </summary>
            <param name="key"></param>
            <param name="instance"></param>
            <param name="needInjectProperty"></param>
        </member>
        <member name="M:Serein.Library.Utils.SereinIOC.Reset">
            <summary>
            清空容器对象
            </summary>
            <returns></returns>
        </member>
        <member name="M:Serein.Library.Utils.SereinIOC.RegisterType(System.String,System.Type,System.Object[])">
            <summary>
            注册类型
            </summary>
            <param name="typeFull"></param>
            <param name="type"></param>
        </member>
        <member name="M:Serein.Library.Utils.SereinIOC.InjectUnfinishedDependencies(System.String,System.Object)">
            <summary>
            如果其它实例想要该对象时，注入过去
            </summary>
        </member>
        <member name="M:Serein.Library.Utils.SereinIOC.InjectDependencies(System.Object,System.Boolean)">
            <summary>
            注入目标实例的依赖项
            </summary>
            <param name="instance">实例</param>
            <param name="isRecord">未完成依赖项注入时是否记录</param>
        </member>
        <member name="T:Serein.Library.NodeFlow.Tool.TriggerType">
            <summary>
            触发类型
            </summary>
        </member>
        <member name="F:Serein.Library.NodeFlow.Tool.TriggerType.External">
            <summary>
            外部触发
            </summary>
        </member>
        <member name="F:Serein.Library.NodeFlow.Tool.TriggerType.Overtime">
            <summary>
            超时触发
            </summary>
        </member>
        <member name="T:Serein.Library.NodeFlow.Tool.FlowTrigger`1">
            <summary>
            信号触发器类，带有消息广播功能。
            使用枚举作为标记，创建
            </summary>
        </member>
        <member name="M:Serein.Library.NodeFlow.Tool.FlowTrigger`1.GetOrCreateSubject(`0)">
            <summary>
            获取或创建指定信号的 Subject（消息广播者）
            </summary>
            <param name="signal">枚举信号标识符</param>
            <returns>对应的 Subject</returns>
        </member>
        <member name="M:Serein.Library.NodeFlow.Tool.FlowTrigger`1.Subscribe(`0,System.IObserver{System.ValueTuple{Serein.Library.NodeFlow.Tool.TriggerType,System.Object}})">
            <summary>
            订阅指定信号的消息
            </summary>
            <param name="signal">枚举信号标识符</param>
            <param name="observer">订阅者</param>
            <returns>取消订阅的句柄</returns>
        </member>
        <member name="M:Serein.Library.NodeFlow.Tool.FlowTrigger`1.CreateTaskWithTimeoutAsync``1(`0,System.TimeSpan,``0)">
            <summary>
            创建信号并指定超时时间，触发时通知所有订阅者
            </summary>
            <param name="signal">枚举信号标识符</param>
            <param name="outTime">超时时间</param>
            <returns>等待任务，返回值为：状态（超时触发，手动触发），数据（超时触发时会使用设置好的数据）</returns>
        </member>
        <member name="M:Serein.Library.NodeFlow.Tool.FlowTrigger`1.CreateTaskAsync``1(`0)">
            <summary>
            创建等待任务，触发时通知所有订阅者
            </summary>
            <param name="signal">枚举信号标识符</param>
            <param name="outTime">超时时间</param>
            <returns>等待任务</returns>
        </member>
        <member name="M:Serein.Library.NodeFlow.Tool.FlowTrigger`1.WaitSignalAsync``1(`0)">
            <summary>
            等待指定信号的触发
            </summary>
            <param name="signal">枚举信号标识符</param>
            <returns>等待任务</returns>
        </member>
        <member name="M:Serein.Library.NodeFlow.Tool.FlowTrigger`1.Trigger``1(`0,``0)">
            <summary>
            手动触发信号，并广播给所有订阅者
            </summary>
            <param name="signal">枚举信号标识符</param>
            <returns>是否成功触发</returns>
        </member>
        <member name="M:Serein.Library.NodeFlow.Tool.FlowTrigger`1.CancelAllTasks">
            <summary>
            取消所有任务
            </summary>
        </member>
        <member name="T:Serein.Library.NodeFlow.Tool.Observer`1">
            <summary>
            观察者类，用于包装 Action
            </summary>
        </member>
    </members>
</doc>
