<?xml version="1.0"?>
<doc>
    <assembly>
        <name>Serein.NodeFlow</name>
    </assembly>
    <members>
        <member name="T:Serein.NodeFlow.Base.NodeModelBase">
            <summary>
            节点基类（数据）：条件控件，动作控件，条件区域，动作区域
            </summary>
            <summary>
            节点基类（数据）：条件控件，动作控件，条件区域，动作区域
            </summary>
        </member>
        <member name="P:Serein.NodeFlow.Base.NodeModelBase.DebugSetting">
            <summary>
            调试功能
            </summary>
        </member>
        <member name="P:Serein.NodeFlow.Base.NodeModelBase.ControlType">
            <summary>
            节点对应的控件类型
            </summary>
        </member>
        <member name="P:Serein.NodeFlow.Base.NodeModelBase.MethodDetails">
            <summary>
            方法描述，对应DLL的方法
            </summary>
        </member>
        <member name="P:Serein.NodeFlow.Base.NodeModelBase.Guid">
            <summary>
            节点guid
            </summary>
        </member>
        <member name="P:Serein.NodeFlow.Base.NodeModelBase.DisplayName">
            <summary>
            显示名称
            </summary>
        </member>
        <member name="P:Serein.NodeFlow.Base.NodeModelBase.IsStart">
            <summary>
            是否为起点控件
            </summary>
        </member>
        <member name="P:Serein.NodeFlow.Base.NodeModelBase.PreviousNode">
            <summary>
            运行时的上一节点
            </summary>
        </member>
        <member name="P:Serein.NodeFlow.Base.NodeModelBase.PreviousNodes">
            <summary>
            不同分支的父节点
            </summary>
        </member>
        <member name="P:Serein.NodeFlow.Base.NodeModelBase.SuccessorNodes">
            <summary>
            不同分支的子节点
            </summary>
        </member>
        <member name="P:Serein.NodeFlow.Base.NodeModelBase.NextOrientation">
            <summary>
            当前节点执行完毕后需要执行的下一个分支的类别
            </summary>
        </member>
        <member name="P:Serein.NodeFlow.Base.NodeModelBase.RuningException">
            <summary>
            运行时的异常信息（仅在 FlowState 为 Error 时存在对应值）
            </summary>
        </member>
        <member name="F:Serein.NodeFlow.Base.NodeModelBase._flowDataLock">
            <summary>
            控制FlowData在同一时间只会被同一个线程更改。
            </summary>
        </member>
        <member name="P:Serein.NodeFlow.Base.NodeModelBase.FlowData">
            <summary>
            当前传递数据（执行了节点对应的方法，才会存在值）。
            </summary>
        </member>
        <member name="M:Serein.NodeFlow.Base.NodeModelBase.CancelInterrupt">
            <summary>
            不再中断
            </summary>
        </member>
        <member name="M:Serein.NodeFlow.Base.NodeModelBase.IsBradk(Serein.Library.Api.IDynamicContext,System.Threading.CancellationTokenSource)">
            <summary>
            是否应该退出执行
            </summary>
            <param name="context"></param>
            <param name="flowCts"></param>
            <returns></returns>
        </member>
        <member name="M:Serein.NodeFlow.Base.NodeModelBase.StartFlowAsync(Serein.Library.Api.IDynamicContext)">
            <summary>
            开始执行
            </summary>
            <param name="context"></param>
            <returns></returns>
        </member>
        <member name="M:Serein.NodeFlow.Base.NodeModelBase.ExecutingAsync(Serein.Library.Api.IDynamicContext)">
            <summary>
            执行节点对应的方法
            </summary>
            <param name="context">流程上下文</param>
            <returns>节点传回数据对象</returns>
        </member>
        <member name="M:Serein.NodeFlow.Base.NodeModelBase.GetParameters(Serein.Library.Api.IDynamicContext,Serein.NodeFlow.Base.NodeModelBase,Serein.Library.Entity.MethodDetails)">
            <summary>
            获取对应的参数数组
            </summary>
        </member>
        <member name="M:Serein.NodeFlow.Base.NodeModelBase.RefreshFlowDataAndExpInterrupt(Serein.Library.Api.IDynamicContext,Serein.NodeFlow.Base.NodeModelBase,System.Object)">
            <summary>
            更新节点数据，并检查监视表达式是否生效
            </summary>
            <param name="context">上下文</param>
            <param name="nodeModel">节点Moel</param>
            <param name="newData">新的数据</param>
            <returns></returns>
        </member>
        <member name="M:Serein.NodeFlow.Base.NodeModelBase.ReleaseFlowData">
            <summary>
            释放对象
            </summary>
        </member>
        <member name="M:Serein.NodeFlow.Base.NodeModelBase.GetFlowData">
            <summary>
            获取节点数据
            </summary>
            <returns></returns>
        </member>
        <member name="T:Serein.NodeFlow.FlowEnvironment">
            <summary>
            运行环境
            </summary>
        </member>
        <member name="F:Serein.NodeFlow.FlowEnvironment.SpaceName">
            <summary>
            节点的命名空间
            </summary>
        </member>
        <member name="E:Serein.NodeFlow.FlowEnvironment.OnDllLoad">
            <summary>
            加载Dll
            </summary>
        </member>
        <member name="E:Serein.NodeFlow.FlowEnvironment.OnDllRemote">
            <summary>
            移除DLL
            </summary>
        </member>
        <member name="E:Serein.NodeFlow.FlowEnvironment.OnProjectLoaded">
            <summary>
            项目加载完成
            </summary>
        </member>
        <member name="E:Serein.NodeFlow.FlowEnvironment.OnNodeConnectChange">
            <summary>
            节点连接属性改变事件
            </summary>
        </member>
        <member name="E:Serein.NodeFlow.FlowEnvironment.OnNodeCreate">
            <summary>
            节点创建事件
            </summary>
        </member>
        <member name="E:Serein.NodeFlow.FlowEnvironment.OnNodeRemote">
            <summary>
            移除节点事件
            </summary>
        </member>
        <member name="E:Serein.NodeFlow.FlowEnvironment.OnStartNodeChange">
            <summary>
            起始节点变化事件
            </summary>
        </member>
        <member name="E:Serein.NodeFlow.FlowEnvironment.OnFlowRunComplete">
            <summary>
            流程运行完成事件
            </summary>
        </member>
        <member name="E:Serein.NodeFlow.FlowEnvironment.OnMonitorObjectChange">
            <summary>
            被监视的对象改变事件
            </summary>
        </member>
        <member name="E:Serein.NodeFlow.FlowEnvironment.OnNodeInterruptStateChange">
            <summary>
            节点中断状态改变事件
            </summary>
        </member>
        <member name="E:Serein.NodeFlow.FlowEnvironment.OnInterruptTrigger">
            <summary>
            节点触发了中断
            </summary>
        </member>
        <member name="E:Serein.NodeFlow.FlowEnvironment.OnIOCMembersChanged">
            <summary>
            容器改变
            </summary>
        </member>
        <member name="E:Serein.NodeFlow.FlowEnvironment.OnNodeLocate">
            <summary>
            节点需要定位
            </summary>
        </member>
        <member name="P:Serein.NodeFlow.FlowEnvironment.FlowState">
            <summary>
            如果没有全局触发器，且没有循环分支，流程执行完成后自动为 Completion 。
            </summary>
        </member>
        <member name="P:Serein.NodeFlow.FlowEnvironment.FlipFlopState">
            <summary>
            如果全局触发器还在运行，则为 Running 。
            </summary>
        </member>
        <member name="P:Serein.NodeFlow.FlowEnvironment.EnvName">
            <summary>
            环境名称
            </summary>
        </member>
        <member name="P:Serein.NodeFlow.FlowEnvironment.IsGlobalInterrupt">
            <summary>
            是否全局中断
            </summary>
        </member>
        <member name="P:Serein.NodeFlow.FlowEnvironment.ChannelFlowInterrupt">
            <summary>
            流程中断器
            </summary>
        </member>
        <member name="P:Serein.NodeFlow.FlowEnvironment.IOC">
            <summary>
            <para>单例模式IOC容器，内部维护了一个实例字典，默认使用类型的FullName作为Key，如果以“接口-实现类”的方式注册，那么将使用接口类型的FullName作为Key。</para>
            <para>当某个类型注册绑定成功后，将不会因为其它地方尝试注册相同类型的行为导致类型被重新创建。</para>
            </summary>
        </member>
        <member name="P:Serein.NodeFlow.FlowEnvironment.MethodDetailss">
            <summary>
            描述所有DLL中NodeAction特性的方法的原始副本
            </summary>
        </member>
        <member name="F:Serein.NodeFlow.FlowEnvironment.sereinIOC">
            <summary>
            容器管理
            </summary>
        </member>
        <member name="P:Serein.NodeFlow.FlowEnvironment.NodeLibrarys">
            <summary>
            存储加载的程序集路径
            </summary>
            <summary>
            存储加载的程序集
            </summary>
        </member>
        <member name="P:Serein.NodeFlow.FlowEnvironment.Nodes">
            <summary>
            环境加载的节点集合
            Node Guid - Node Model
            </summary>
        </member>
        <member name="P:Serein.NodeFlow.FlowEnvironment.FlipflopNodes">
            <summary>
            存放触发器节点（运行时全部调用）
            </summary>
        </member>
        <member name="P:Serein.NodeFlow.FlowEnvironment.AutoRegisterTypes">
            <summary>
            从dll中加载的类的注册类型
            </summary>
        </member>
        <member name="P:Serein.NodeFlow.FlowEnvironment.MethodDelegates">
            <summary>
            存放委托
            
            md.Methodname - delegate
            </summary>
        </member>
        <member name="F:Serein.NodeFlow.FlowEnvironment._startNode">
            <summary>
            起始节点私有属性
            </summary>
        </member>
        <member name="P:Serein.NodeFlow.FlowEnvironment.StartNode">
            <summary>
            起始节点
            </summary>
        </member>
        <member name="F:Serein.NodeFlow.FlowEnvironment.flowStarter">
            <summary>
            流程启动器（每次运行时都会重新new一个）
            </summary>
        </member>
        <member name="M:Serein.NodeFlow.FlowEnvironment.StartAsync">
            <summary>
            异步运行
            </summary>
            <returns></returns>
        </member>
        <member name="M:Serein.NodeFlow.FlowEnvironment.Exit">
            <summary>
            退出
            </summary>
        </member>
        <member name="M:Serein.NodeFlow.FlowEnvironment.ClearAll">
            <summary>
            清除所有
            </summary>
        </member>
        <member name="M:Serein.NodeFlow.FlowEnvironment.LoadProject(Serein.Library.Entity.SereinProjectData,System.String)">
            <summary>
            加载项目文件
            </summary>
            <param name="project"></param>
            <param name="filePath"></param>
        </member>
        <member name="M:Serein.NodeFlow.FlowEnvironment.SaveProject">
            <summary>
            保存项目为项目文件
            </summary>
            <returns></returns>
        </member>
        <member name="M:Serein.NodeFlow.FlowEnvironment.LoadDll(System.String)">
            <summary>
            从文件路径中加载DLL
            </summary>
            <param name="dllPath"></param>
            <returns></returns> 
        </member>
        <member name="M:Serein.NodeFlow.FlowEnvironment.CreateNode(Serein.Library.Enums.NodeControlType,Serein.Library.Entity.Position,Serein.Library.Entity.MethodDetails)">
            <summary>
            流程正在运行时创建节点
            </summary>
            <param name="nodeControlType"></param>
            <param name="position"></param>
            <param name="methodDetails"></param>
        </member>
        <member name="M:Serein.NodeFlow.FlowEnvironment.RemoveNode(System.String)">
            <summary>
            移除节点
            </summary>
            <param name="nodeGuid"></param>
            <exception cref="T:System.NotImplementedException"></exception>
        </member>
        <member name="M:Serein.NodeFlow.FlowEnvironment.ConnectNode(System.String,System.String,Serein.Library.Enums.ConnectionType)">
            <summary>
            连接节点
            </summary>
            <param name="fromNode">起始节点</param>
            <param name="toNode">目标节点</param>
            <param name="connectionType">连接关系</param>
        </member>
        <member name="M:Serein.NodeFlow.FlowEnvironment.RemoveConnect(System.String,System.String,Serein.Library.Enums.ConnectionType)">
            <summary>
            移除连接关系
            </summary>
            <param name="fromNodeGuid">起始节点Guid</param>
            <param name="toNodeGuid">目标节点Guid</param>
            <param name="connectionType">连接关系</param>
            <exception cref="T:System.NotImplementedException"></exception>
        </member>
        <member name="M:Serein.NodeFlow.FlowEnvironment.TryGetMethodDetails(System.String,Serein.Library.Entity.MethodDetails@)">
            <summary>
            获取方法描述
            </summary>
        </member>
        <member name="M:Serein.NodeFlow.FlowEnvironment.SetStartNode(System.String)">
            <summary>
            设置起点控件
            </summary>
            <param name="newNodeGuid"></param>
        </member>
        <member name="M:Serein.NodeFlow.FlowEnvironment.SetNodeInterrupt(System.String,Serein.Library.Entity.InterruptClass)">
            <summary>
            中断指定节点，并指定中断等级。
            </summary>
            <param name="nodeGuid">被中断的目标节点Guid</param>
            <param name="interruptClass">中断级别</param>
            <returns>操作是否成功</returns>
        </member>
        <member name="M:Serein.NodeFlow.FlowEnvironment.AddInterruptExpression(System.String,System.String)">
            <summary>
            添加表达式中断
            </summary>
            <param name="nodeGuid"></param>
            <param name="expression"></param>
            <returns></returns>
        </member>
        <member name="F:Serein.NodeFlow.FlowEnvironment.dictMonitorObjExpInterrupt">
            <summary>
            要监视的对象，以及与其关联的表达式
            </summary>
        </member>
        <member name="M:Serein.NodeFlow.FlowEnvironment.SetMonitorObjState(System.String,System.Boolean)">
            <summary>
            设置对象的监视状态
            </summary>
            <param name="obj"></param>
            <param name="isMonitor"></param>
            <returns></returns>
        </member>
        <member name="M:Serein.NodeFlow.FlowEnvironment.CheckObjMonitorState(System.String,System.Collections.Generic.List{System.String}@)">
            <summary>
            检查一个对象是否处于监听状态，如果是，则传出与该对象相关的表达式（用于中断），如果不是，则返回false。
            </summary>
            <param name="nodeGuid"></param>
            <param name="obj"></param>
            <returns></returns>
        </member>
        <member name="M:Serein.NodeFlow.FlowEnvironment.MonitorObjectNotification(System.String,System.Object,Serein.Library.Api.MonitorObjectEventArgs.ObjSourceType)">
            <summary>
            启动器调用，节点数据更新通知
            </summary>
            <param name="nodeGuid"></param>
        </member>
        <member name="M:Serein.NodeFlow.FlowEnvironment.TriggerInterrupt(System.String,System.String,Serein.Library.Api.InterruptTriggerEventArgs.InterruptTriggerType)">
            <summary>
            启动器调用，节点触发了中断。
            </summary>
            <param name="nodeGuid">节点</param>
            <param name="expression">表达式</param>
            <param name="type">类型，0用户主动的中断，1表达式中断</param>
        </member>
        <member name="M:Serein.NodeFlow.FlowEnvironment.ActivateFlipflopNode(System.String)">
            <summary>
            激活全局触发器
            </summary>
            <param name="nodeGuid"></param>
        </member>
        <member name="M:Serein.NodeFlow.FlowEnvironment.TerminateFlipflopNode(System.String)">
            <summary>
            关闭全局触发器
            </summary>
            <param name="nodeGuid"></param>
        </member>
        <member name="M:Serein.NodeFlow.FlowEnvironment.GuidToModel(System.String)">
            <summary>
            Guid 转 NodeModel
            </summary>
            <param name="nodeGuid">节点Guid</param>
            <returns>节点Model</returns>
            <exception cref="T:System.ArgumentNullException">无法获取节点、Guid/节点为null时报错</exception>
        </member>
        <member name="M:Serein.NodeFlow.FlowEnvironment.LoadDllNodeInfo(System.String)">
            <summary>
            加载指定路径的DLL文件
            </summary>
            <param name="dllPath"></param>
        </member>
        <member name="M:Serein.NodeFlow.FlowEnvironment.RemoteConnect(Serein.NodeFlow.Base.NodeModelBase,Serein.NodeFlow.Base.NodeModelBase,Serein.Library.Enums.ConnectionType)">
            <summary>
            移除连接关系
            </summary>
            <param name="fromNodeGuid">起始节点Model</param>
            <param name="toNodeGuid">目标节点Model</param>
            <param name="connectionType">连接关系</param>
            <exception cref="T:System.NotImplementedException"></exception>
        </member>
        <member name="M:Serein.NodeFlow.FlowEnvironment.GetNodeControlType(Serein.Library.Entity.NodeInfo)">
            <summary>
            运行环节加载了项目文件，需要创建节点控件
            </summary>
            <param name="nodeInfo"></param>
            <param name="methodDetailss"></param>
            <returns></returns>
            <exception cref="T:System.NotImplementedException"></exception>
        </member>
        <member name="M:Serein.NodeFlow.FlowEnvironment.CreateNode(Serein.Library.Enums.NodeControlType,Serein.Library.Entity.MethodDetails)">
            <summary>
            创建节点
            </summary>
            <param name="nodeBase"></param>
        </member>
        <member name="M:Serein.NodeFlow.FlowEnvironment.ConnectNode(Serein.NodeFlow.Base.NodeModelBase,Serein.NodeFlow.Base.NodeModelBase,Serein.Library.Enums.ConnectionType)">
            <summary>
            连接节点
            </summary>
            <param name="fromNode">起始节点</param>
            <param name="toNode">目标节点</param>
            <param name="connectionType">连接关系</param>
        </member>
        <member name="M:Serein.NodeFlow.FlowEnvironment.SetStartNode(Serein.NodeFlow.Base.NodeModelBase)">
            <summary>
            更改起点节点
            </summary>
            <param name="newStartNode"></param>
            <param name="oldStartNode"></param>
        </member>
        <member name="M:Serein.NodeFlow.FlowEnvironment.NodeLocated(System.String)">
            <summary>
            定位节点
            </summary>
            <param name="nodeGuid"></param>
        </member>
        <member name="T:Serein.NodeFlow.FlowStarter">
            <summary>
            流程启动器
            </summary>
        </member>
        <member name="F:Serein.NodeFlow.FlowStarter.FlipFlopCtsName">
            <summary>
            全局触发器CTS
            </summary>
        </member>
        <member name="F:Serein.NodeFlow.FlowStarter.FlowRungCtsName">
            <summary>
            流程运行CTS
            </summary>
        </member>
        <member name="F:Serein.NodeFlow.FlowStarter._flipFlopCts">
            <summary>
            控制触发器
            </summary>
        </member>
        <member name="F:Serein.NodeFlow.FlowStarter.IsStopStart">
            <summary>
            是否停止启动
            </summary>
        </member>
        <member name="P:Serein.NodeFlow.FlowStarter.ExitAction">
            <summary>
            结束运行时需要执行的方法
            </summary>
        </member>
        <member name="P:Serein.NodeFlow.FlowStarter.Context">
            <summary>
            运行的上下文
            </summary>
        </member>
        <member name="M:Serein.NodeFlow.FlowStarter.StartFlowInSelectNodeAsync(Serein.NodeFlow.Base.NodeModelBase)">
            <summary>
            从选定的节点开始运行
            </summary>
            <param name="startNode"></param>
            <returns></returns>
        </member>
        <member name="M:Serein.NodeFlow.FlowStarter.RunAsync(Serein.Library.Api.IFlowEnvironment,System.Collections.Generic.List{Serein.NodeFlow.Base.NodeModelBase},System.Collections.Generic.Dictionary{Serein.Library.Attributes.RegisterSequence,System.Collections.Generic.List{System.Type}},System.Collections.Generic.List{Serein.Library.Entity.MethodDetails},System.Collections.Generic.List{Serein.Library.Entity.MethodDetails},System.Collections.Generic.List{Serein.Library.Entity.MethodDetails})">
            <summary>
            开始运行
            </summary>
            <param name="env">运行环境</param>
            <param name="nodes">环境中已加载的所有节点</param>
            <param name="initMethods">初始化方法</param>
            <param name="loadingMethods">加载时方法</param>
            <param name="exitMethods">结束时方法</param>
            <returns></returns>
        </member>
        <member name="M:Serein.NodeFlow.FlowStarter.RunGlobalFlipflopAsync(Serein.Library.Api.IFlowEnvironment,Serein.NodeFlow.Model.SingleFlipflopNode)">
            <summary>
            尝试添加全局触发器
            </summary>
            <param name="singleFlipFlopNode"></param>
            <param name="env"></param>
        </member>
        <member name="M:Serein.NodeFlow.FlowStarter.TerminateGlobalFlipflopRuning(Serein.NodeFlow.Model.SingleFlipflopNode)">
            <summary>
            尝试移除全局触发器
            </summary>
            <param name="singleFlipFlopNode"></param>
        </member>
        <member name="M:Serein.NodeFlow.FlowStarter.TerminateAllGlobalFlipflop">
            <summary>
            终结所有全局触发器
            </summary>
        </member>
        <member name="M:Serein.NodeFlow.FlowStarter.FlipflopExecuteAsync(Serein.Library.Api.IFlowEnvironment,Serein.NodeFlow.Model.SingleFlipflopNode,System.Threading.CancellationTokenSource)">
            <summary>
            启动全局触发器
            </summary>
            <param name="env">流程运行全局环境</param>
            <param name="singleFlipFlopNode">需要全局监听信号的触发器</param>
            <returns></returns>
        </member>
        <member name="T:Serein.NodeFlow.Model.CompositeActionNode">
            <summary>
            组合动作节点（用于动作区域）
            </summary>
        </member>
        <member name="M:Serein.NodeFlow.Model.CompositeActionNode.#ctor(System.Collections.Generic.List{Serein.NodeFlow.Model.SingleActionNode})">
            <summary>
            组合动作节点（用于动作区域）
            </summary>
        </member>
        <member name="T:Serein.NodeFlow.Model.CompositeConditionNode">
            <summary>
            组合条件节点（用于条件区域）
            </summary>
        </member>
        <member name="M:Serein.NodeFlow.Model.CompositeConditionNode.ExecutingAsync(Serein.Library.Api.IDynamicContext)">
            <summary>
            条件节点重写执行方法
            </summary>
            <param name="context"></param>
            <returns></returns>
        </member>
        <member name="T:Serein.NodeFlow.Model.SingleActionNode">
            <summary>
            单动作节点（用于动作控件)
            </summary>
        </member>
        <member name="T:Serein.NodeFlow.Model.SingleConditionNode">
            <summary>
            条件节点（用于条件控件）
            </summary>
        </member>
        <member name="P:Serein.NodeFlow.Model.SingleConditionNode.IsCustomData">
            <summary>
            是否为自定义参数
            </summary>
        </member>
        <member name="P:Serein.NodeFlow.Model.SingleConditionNode.CustomData">
            <summary>
            自定义参数值
            </summary>
        </member>
        <member name="P:Serein.NodeFlow.Model.SingleConditionNode.Expression">
            <summary>
            条件表达式
            </summary>
        </member>
        <member name="T:Serein.NodeFlow.Model.SingleExpOpNode">
            <summary>
            Expression Operation - 表达式操作
            </summary>
        </member>
        <member name="P:Serein.NodeFlow.Model.SingleExpOpNode.Expression">
            <summary>
            表达式
            </summary>
        </member>
        <member name="F:Serein.NodeFlow.NodeStaticConfig.NodeSpaceName">
            <summary>
            节点的命名空间
            </summary>
        </member>
        <member name="M:Serein.NodeFlow.Tool.NodeMethodDetailsHelper.GetMethodsToProcess(System.Type)">
            <summary>
            获取处理方法
            </summary>
        </member>
        <member name="M:Serein.NodeFlow.Tool.NodeMethodDetailsHelper.CreateMethodDetails(System.Type,System.Reflection.MethodInfo,System.String)">
            <summary>
            创建方法信息
            </summary>
            <returns></returns>
        </member>
        <member name="M:Serein.NodeFlow.Tool.NodeMethodDetailsHelper.GetExplicitDataOfParameters(System.Reflection.ParameterInfo[])">
            <summary>
            获取参数信息
            </summary>
            <param name="parameters"></param>
            <returns></returns>
        </member>
        <member name="M:Serein.NodeFlow.Tool.NodeMethodDetailsHelper.GetExplicitTypeName(System.Type)">
            <summary>
            判断使用输入器还是选择器
            </summary>
            <param name="type"></param>
            <returns></returns>
        </member>
        <member name="M:Serein.NodeFlow.Tool.NodeMethodDetailsHelper.GetExplicitItems(System.Type,System.String)">
            <summary>
            获取参数列表选项
            </summary>
            <param name="type"></param>
            <param name="explicitTypeName"></param>
            <returns></returns>
        </member>
        <member name="F:Serein.NodeFlow.Tool.SereinExpression.Resolver.BoolConditionResolver.Operator.Is">
            <summary>
            是
            </summary>
        </member>
        <member name="F:Serein.NodeFlow.Tool.SereinExpression.Resolver.StringConditionResolver.Operator.Contains">
            <summary>
            出现过
            </summary>
        </member>
        <member name="F:Serein.NodeFlow.Tool.SereinExpression.Resolver.StringConditionResolver.Operator.DoesNotContain">
            <summary>
            没有出现过
            </summary>
        </member>
        <member name="F:Serein.NodeFlow.Tool.SereinExpression.Resolver.StringConditionResolver.Operator.Equal">
            <summary>
            相等
            </summary>
        </member>
        <member name="F:Serein.NodeFlow.Tool.SereinExpression.Resolver.StringConditionResolver.Operator.NotEqual">
            <summary>
            不相等
            </summary>
        </member>
        <member name="F:Serein.NodeFlow.Tool.SereinExpression.Resolver.StringConditionResolver.Operator.StartsWith">
            <summary>
            起始字符串等于
            </summary>
        </member>
        <member name="F:Serein.NodeFlow.Tool.SereinExpression.Resolver.StringConditionResolver.Operator.EndsWith">
            <summary>
            结束字符串等于
            </summary>
        </member>
        <member name="F:Serein.NodeFlow.Tool.SereinExpression.Resolver.ValueTypeConditionResolver`1.Operator.Node">
            <summary>
            不进行任何操作
            </summary>
        </member>
        <member name="F:Serein.NodeFlow.Tool.SereinExpression.Resolver.ValueTypeConditionResolver`1.Operator.GreaterThan">
            <summary>
            大于
            </summary>
        </member>
        <member name="F:Serein.NodeFlow.Tool.SereinExpression.Resolver.ValueTypeConditionResolver`1.Operator.LessThan">
            <summary>
            小于
            </summary>
        </member>
        <member name="F:Serein.NodeFlow.Tool.SereinExpression.Resolver.ValueTypeConditionResolver`1.Operator.Equal">
            <summary>
            等于
            </summary>
        </member>
        <member name="F:Serein.NodeFlow.Tool.SereinExpression.Resolver.ValueTypeConditionResolver`1.Operator.GreaterThanOrEqual">
            <summary>
            大于或等于
            </summary>
        </member>
        <member name="F:Serein.NodeFlow.Tool.SereinExpression.Resolver.ValueTypeConditionResolver`1.Operator.LessThanOrEqual">
            <summary>
            小于或等于
            </summary>
        </member>
        <member name="F:Serein.NodeFlow.Tool.SereinExpression.Resolver.ValueTypeConditionResolver`1.Operator.InRange">
            <summary>
            在两者之间
            </summary>
        </member>
        <member name="F:Serein.NodeFlow.Tool.SereinExpression.Resolver.ValueTypeConditionResolver`1.Operator.OutOfRange">
            <summary>
            不在两者之间
            </summary>
        </member>
        <member name="M:Serein.NodeFlow.Tool.SereinExpression.SereinConditionParser.GetArithmeticExpression(System.String)">
            <summary>
            获取计算表达式的部分
            </summary>
            <param name="part"></param>
            <returns></returns>
        </member>
        <member name="M:Serein.NodeFlow.Tool.SereinExpression.SereinConditionParser.GetMemberValue(System.Object,System.String)">
            <summary>
            获取对象指定名称的成员
            </summary>
        </member>
        <member name="M:Serein.NodeFlow.Tool.SereinExpression.SereinConditionParser.ParseObjectExpression(System.Object,System.String)">
            <summary>
            解析对象表达式
            </summary>
        </member>
        <member name="M:Serein.NodeFlow.Tool.SereinExpression.SereinConditionParser.ParseSimpleExpression(System.Object,System.String)">
            <summary>
            条件表达式解析
            </summary>
            <param name="data"></param>
            <param name="expression"></param>
            <returns></returns>
            <exception cref="T:System.ArgumentException"></exception>
            <exception cref="T:System.NotSupportedException"></exception>
        </member>
        <member name="M:Serein.NodeFlow.Tool.SereinExpression.SereinConditionParser.ParseValueTypeOperator``1(System.String)">
            <summary>
            数值操作类型
            </summary>
            <typeparam name="T"></typeparam>
            <param name="operatorStr"></param>
            <returns></returns>
            <exception cref="T:System.ArgumentException"></exception>
        </member>
        <member name="M:Serein.NodeFlow.Tool.SereinExpression.SereinConditionParser.ParseBoolOperator(System.String)">
            <summary>
            布尔操作类型
            </summary>
            <param name="operatorStr"></param>
            <returns></returns>
            <exception cref="T:System.ArgumentException"></exception>
        </member>
        <member name="M:Serein.NodeFlow.Tool.SereinExpression.SereinConditionParser.ParseStringOperator(System.String)">
            <summary>
            字符串操作类型
            </summary>
            <param name="operatorStr"></param>
            <returns></returns>
            <exception cref="T:System.ArgumentException"></exception>
        </member>
        <member name="T:Serein.NodeFlow.Tool.SereinExpression.SereinConditionResolver">
            <summary>
            条件解析抽象类
            </summary>
        </member>
        <member name="T:Serein.NodeFlow.Tool.SereinExpression.SerinArithmeticExpressionEvaluator`1">
            <summary>
            使用表达式操作/获取 对象的值
            获取值 @get .xx.xxx 
            设置值 @set .xx.xxx  = [data]
            </summary>
            <param name="obj">操作的对象</param>
            <returns></returns>
        </member>
        <member name="M:Serein.NodeFlow.Tool.SereinExpression.SerinExpressionEvaluator.Evaluate(System.String,System.Object,System.Boolean@)">
            <summary>
            
            </summary>
            <param name="expression">表达式</param>
            <param name="targetObJ">操作对象</param>
            <param name="isChange">是否改变了对象（Set语法）</param>
            <returns></returns>
            <exception cref="T:System.ArgumentException"></exception>
            <exception cref="T:System.NotSupportedException"></exception>
        </member>
        <member name="M:Serein.NodeFlow.Tool.SereinExpression.SerinExpressionEvaluator.InvokeMethod(System.Object,System.String)">
            <summary>
            调用目标方法
            </summary>
            <param name="target">目标实例</param>
            <param name="methodCall">方法名称</param>
            <returns></returns>
            <exception cref="T:System.ArgumentException"></exception>
        </member>
        <member name="M:Serein.NodeFlow.Tool.SereinExpression.SerinExpressionEvaluator.GetMember(System.Object,System.String)">
            <summary>
            获取值
            </summary>
            <param name="target">目标实例</param>
            <param name="memberPath">属性路径</param>
            <returns></returns>
            <exception cref="T:System.ArgumentException"></exception>
        </member>
        <member name="M:Serein.NodeFlow.Tool.SereinExpression.SerinExpressionEvaluator.SetMember(System.Object,System.String)">
            <summary>
            设置目标的值
            </summary>
            <param name="target">目标实例</param>
            <param name="assignment">属性路径 </param>
            <returns></returns>
            <exception cref="T:System.ArgumentException"></exception>
        </member>
        <member name="M:Serein.NodeFlow.Tool.SereinExpression.SerinExpressionEvaluator.ComputedNumber(System.Object,System.String)">
            <summary>
            计算数学简单表达式
            </summary>
            <param name="value"></param>
            <param name="expression"></param>
            <returns></returns>
        </member>
    </members>
</doc>
